evo,enemy,run,generation,individual,fitness,playerHealth,enemyHealth,time
0,2,0,0,0,0.0,0,100.0,189
0,2,0,0,1,0.0,0,100.0,325
0,2,0,0,2,0.0,0,100.0,329
0,2,0,0,3,0.0,0,100.0,322
0,2,0,0,4,0.0,0,100.0,318
0,2,0,0,5,0.0,0,100.0,325
0,2,0,0,6,0.0,0,100.0,329
0,2,0,0,7,0.0,0,100.0,325
0,2,0,0,8,79.91414025327582,30,0.0,195
0,2,0,0,9,0.0,0,90.0,213
0,2,0,0,10,0.0,0,100.0,325
0,2,0,0,11,0.0,0,100.0,258
0,2,0,0,12,0.0,0,100.0,329
0,2,0,0,13,0.0,0,100.0,329
0,2,0,0,14,0.0,0,100.0,325
0,2,0,0,15,0.0,0,70.0,214
0,2,0,0,16,0.0,0,80.0,329
0,2,0,0,17,0.0,0,100.0,329
0,2,0,0,18,0.0,0,100.0,731
0,2,0,0,19,0.0,0,90.0,347
0,2,0,0,20,0.0,0,100.0,325
0,2,0,0,21,0.0,0,90.0,329
0,2,0,0,22,0.0,0,100.0,342
0,2,0,0,23,0.0,0,50.0,329
0,2,0,0,24,0.0,0,100.0,360
0,2,0,0,25,0.0,0,100.0,302
0,2,0,0,26,0.0,0,100.0,325
0,2,0,0,27,0.0,0,100.0,323
0,2,0,0,28,0.0,0,100.0,328
0,2,0,0,29,0.0,0,100.0,321
0,2,0,0,30,0.0,0,90.0,329
0,2,0,0,31,0.0,0,100.0,325
0,2,0,0,32,0.0,0,100.0,325
0,2,0,0,33,0.0,0,80.0,143
0,2,0,0,34,0.0,0,40.0,240
0,2,0,0,35,0.0,0,100.0,329
0,2,0,0,36,0.0,0,100.0,357
0,2,0,0,37,0.0,0,100.0,380
0,2,0,0,38,0.0,0,100.0,329
0,2,0,0,39,0.0,0,100.0,329
0,2,0,0,40,0.0,0,100.0,329
0,2,0,0,41,0.0,0,100.0,329
0,2,0,0,42,0.0,0,100.0,329
0,2,0,0,43,0.0,0,100.0,329
0,2,0,0,44,0.0,0,100.0,360
0,2,0,0,45,0.0,0,70.0,167
0,2,0,0,46,71.67986479803766,14,0.0,195
0,2,0,0,47,0.0,0,100.0,329
0,2,0,0,48,0.0,0,100.0,325
0,2,0,0,49,0.0,0,80.0,322
0,2,0,0,50,0.0,0,90.0,329
0,2,0,0,51,0.0,0,100.0,360
0,2,0,0,52,0.0,0,100.0,319
0,2,0,0,53,83.50547325098968,36,0.0,148
0,2,0,0,54,0.0,0,100.0,329
0,2,0,0,55,0.0,0,100.0,318
0,2,0,0,56,0.0,0,100.0,355
0,2,0,0,57,0.0,0,100.0,322
0,2,0,0,58,90.7506824747706,72,0.0,185
0,2,0,0,59,0.0,0,100.0,353
0,2,0,0,60,0.0,0,100.0,329
0,2,0,0,61,0.0,0,60.0,329
0,2,0,0,62,0.0,0,100.0,325
0,2,0,0,63,0.0,0,100.0,360
0,2,0,0,64,0.0,0,100.0,329
0,2,0,0,65,0.0,0,100.0,329
0,2,0,0,66,0.0,0,100.0,325
0,2,0,0,67,0.0,0,90.0,365
0,2,0,0,68,0.0,0,40.0,159
0,2,0,0,69,0.0,0,100.0,325
0,2,0,0,70,0.0,0,80.0,306
0,2,0,0,71,0.0,0,100.0,329
0,2,0,0,72,0.0,0,100.0,347
0,2,0,0,73,0.0,0,100.0,340
0,2,0,0,74,0.0,0,50.0,219
0,2,0,0,75,0.0,0,90.0,178
0,2,0,0,76,0.0,0,100.0,325
0,2,0,0,77,0.0,0,100.0,321
0,2,0,0,78,0.0,0,100.0,327
0,2,0,0,79,60.58772849975855,30,0.0,733
0,2,0,0,80,0.0,0,100.0,370
0,2,0,0,81,0.0,0,100.0,329
0,2,0,0,82,76.46503830360567,22,0.0,195
0,2,0,0,83,0.0,0,70.0,240
0,2,0,0,84,0.0,0,100.0,329
0,2,0,0,85,0.0,0,100.0,329
0,2,0,0,86,0.0,0,100.0,329
0,2,0,0,87,63.14159658706265,6,0.0,206
0,2,0,0,88,0.0,0,80.0,311
0,2,0,0,89,66.8437871872029,10,0.0,245
0,2,0,0,90,0.0,0,90.0,281
0,2,0,0,91,52.49527598775212,2,0.0,260
0,2,0,0,92,0.0,0,100.0,329
0,2,0,0,93,0.0,0,100.0,256
0,2,0,0,94,0.0,0,100.0,329
0,2,0,0,95,0.0,0,100.0,360
0,2,0,0,96,0.0,0,100.0,325
0,2,0,0,97,0.0,0,80.0,256
0,2,0,0,98,0.0,0,100.0,321
0,2,0,0,99,83.2905416895859,46,0.0,243
0,2,0,1,0,52.49527598775212,2,0.0,260
0,2,0,1,1,0.0,0,100.0,189
0,2,0,1,2,52.49527598775212,2,0.0,260
0,2,0,1,3,0.0,0,100.0,189
0,2,0,1,4,0.0,0,100.0,189
0,2,0,1,5,0.0,0,100.0,189
0,2,0,1,6,0.0,0,100.0,189
0,2,0,1,7,0.0,0,100.0,189
0,2,0,1,8,52.49527598775212,2,0.0,260
0,2,0,1,9,0.0,0,100.0,189
0,2,0,1,10,0.0,0,100.0,189
0,2,0,1,11,0.0,0,100.0,189
0,2,0,1,12,71.67986479803766,14,0.0,195
0,2,0,1,13,0.0,0,100.0,189
0,2,0,1,14,52.49527598775212,2,0.0,260
0,2,0,1,15,83.2905416895859,46,0.0,243
0,2,0,1,16,0.0,0,100.0,189
0,2,0,1,17,0.0,0,100.0,189
0,2,0,1,18,71.67986479803766,14,0.0,195
0,2,0,1,19,0.0,0,100.0,189
0,2,0,1,20,0.0,0,100.0,189
0,2,0,1,21,0.0,0,100.0,189
0,2,0,1,22,66.8437871872029,10,0.0,245
0,2,0,1,23,0.0,0,100.0,189
0,2,0,1,24,83.2905416895859,46,0.0,243
0,2,0,1,25,0.0,0,100.0,189
0,2,0,1,26,79.91414025327582,30,0.0,195
0,2,0,1,27,0.0,0,100.0,189
0,2,0,1,28,0.0,0,100.0,189
0,2,0,1,29,60.58772849975855,30,0.0,733
0,2,0,1,30,0.0,0,100.0,189
0,2,0,1,31,52.49527598775212,2,0.0,260
0,2,0,1,32,0.0,0,100.0,189
0,2,0,1,33,0.0,0,100.0,189
0,2,0,1,34,0.0,0,100.0,189
0,2,0,1,35,79.91414025327582,30,0.0,195
0,2,0,1,36,0.0,0,90.0,329
0,2,0,1,37,0.0,0,70.0,193
0,2,0,1,38,0.0,0,50.0,312
0,2,0,1,39,0.0,0,100.0,329
0,2,0,1,40,0.0,0,10.0,300
0,2,0,1,41,0.0,0,30.0,193
0,2,0,1,42,0.0,0,100.0,329
0,2,0,1,43,0.0,0,100.0,258
0,2,0,1,44,0.0,0,100.0,329
0,2,0,1,45,0.0,0,40.0,327
0,2,0,1,46,0.0,0,100.0,352
0,2,0,1,47,0.0,0,100.0,203
0,2,0,1,48,0.0,0,100.0,325
0,2,0,1,49,89.90103749806096,64,0.0,166
0,2,0,1,50,0.0,0,100.0,360
0,2,0,1,51,0.0,0,100.0,360
0,2,0,1,52,0.0,0,100.0,253
0,2,0,1,53,0.0,0,100.0,160
0,2,0,1,54,76.46503830360567,22,0.0,195
0,2,0,1,55,0.0,0,100.0,329
0,2,0,1,56,0.0,0,60.0,357
0,2,0,1,57,0.0,0,100.0,334
0,2,0,1,58,0.0,0,80.0,256
0,2,0,1,59,0.0,0,100.0,329
0,2,0,1,60,0.0,0,40.0,733
0,2,0,1,61,0.0,0,90.0,155
0,2,0,1,62,52.95907322360328,2,0.0,241
0,2,0,1,63,0.0,0,100.0,329
0,2,0,1,64,0.0,0,100.0,360
0,2,0,1,65,0.0,0,100.0,322
0,2,0,1,66,82.55338527615841,36,0.0,178
0,2,0,1,67,0.0,0,90.0,292
0,2,0,1,68,0.0,0,100.0,158
0,2,0,1,69,0.0,0,80.0,322
0,2,0,1,70,0.0,0,100.0,325
0,2,0,1,71,0.0,0,100.0,329
0,2,0,1,72,0.0,0,50.0,256
0,2,0,1,73,0.0,0,100.0,360
0,2,0,1,74,0.0,0,100.0,325
0,2,0,1,75,0.0,0,100.0,752
0,2,0,1,76,0.0,0,100.0,325
0,2,0,1,77,0.0,0,100.0,329
0,2,0,1,78,0.0,0,100.0,329
0,2,0,1,79,0.0,0,100.0,339
0,2,0,1,80,70.11146144373004,12,0.0,195
0,2,0,1,81,0.0,0,100.0,374
0,2,0,1,82,0.0,0,100.0,329
0,2,0,1,83,79.91414025327582,30,0.0,195
0,2,0,1,84,0.0,0,100.0,329
0,2,0,1,85,0.0,0,30.0,243
0,2,0,1,86,79.91414025327582,30,0.0,195
0,2,0,1,87,0.0,0,60.0,329
0,2,0,1,88,0.0,0,70.0,327
0,2,0,1,89,0.0,0,100.0,329
0,2,0,1,90,84.17294369115328,38,0.0,147
0,2,0,1,91,0.0,0,100.0,329
0,2,0,1,92,0.0,0,60.0,294
0,2,0,1,93,0.0,0,100.0,355
0,2,0,1,94,0.0,0,100.0,325
0,2,0,1,95,0.0,0,100.0,298
0,2,0,1,96,0.0,0,100.0,325
0,2,0,1,97,0.0,0,30.0,163
0,2,0,1,98,0.0,0,60.0,329
0,2,0,1,99,0.0,0,80.0,203
0,2,0,2,0,0.0,0,100.0,189
0,2,0,2,1,0.0,0,100.0,189
0,2,0,2,2,0.0,0,100.0,189
0,2,0,2,3,79.91414025327582,30,0.0,195
0,2,0,2,4,52.49527598775212,2,0.0,260
0,2,0,2,5,0.0,0,100.0,189
0,2,0,2,6,0.0,0,100.0,189
0,2,0,2,7,79.91414025327582,30,0.0,195
0,2,0,2,8,60.58772849975855,30,0.0,733
0,2,0,2,9,79.91414025327582,30,0.0,195
0,2,0,2,10,0.0,0,100.0,189
0,2,0,2,11,60.58772849975855,30,0.0,733
0,2,0,2,12,52.49527598775212,2,0.0,260
0,2,0,2,13,0.0,0,100.0,189
0,2,0,2,14,0.0,0,100.0,189
0,2,0,2,15,83.2905416895859,46,0.0,243
0,2,0,2,16,0.0,0,100.0,189
0,2,0,2,17,52.49527598775212,2,0.0,260
0,2,0,2,18,83.2905416895859,46,0.0,243
0,2,0,2,19,66.8437871872029,10,0.0,245
0,2,0,2,20,79.91414025327582,30,0.0,195
0,2,0,2,21,0.0,0,100.0,189
0,2,0,2,22,79.91414025327582,30,0.0,195
0,2,0,2,23,0.0,0,100.0,189
0,2,0,2,24,79.91414025327582,30,0.0,195
0,2,0,2,25,0.0,0,100.0,189
0,2,0,2,26,0.0,0,100.0,189
0,2,0,2,27,0.0,0,100.0,189
0,2,0,2,28,76.46503830360567,22,0.0,195
0,2,0,2,29,0.0,0,100.0,189
0,2,0,2,30,71.67986479803766,14,0.0,195
0,2,0,2,31,0.0,0,100.0,189
0,2,0,2,32,0.0,0,100.0,189
0,2,0,2,33,52.49527598775212,2,0.0,260
0,2,0,2,34,79.91414025327582,30,0.0,195
0,2,0,2,35,0.0,0,100.0,329
0,2,0,2,36,0.0,0,100.0,329
0,2,0,2,37,0.0,0,60.0,329
0,2,0,2,38,0.0,0,100.0,407
0,2,0,2,39,90.12694452321487,62,0.0,147
0,2,0,2,40,0.0,0,100.0,357
0,2,0,2,41,0.0,0,100.0,719
0,2,0,2,42,0.0,0,60.0,329
0,2,0,2,43,92.98242671270518,88,0.0,195
0,2,0,2,44,0.0,0,80.0,322
0,2,0,2,45,0.0,0,100.0,329
0,2,0,2,46,79.91414025327582,30,0.0,195
0,2,0,2,47,79.91414025327582,30,0.0,195
0,2,0,2,48,0.0,0,100.0,330
0,2,0,2,49,0.0,0,50.0,256
0,2,0,2,50,89.38503170973725,68,0.0,204
0,2,0,2,51,0.0,0,20.0,249
0,2,0,2,52,0.0,0,10.0,407
0,2,0,2,53,86.61614889979455,48,0.0,158
0,2,0,2,54,0.0,0,100.0,360
0,2,0,2,55,0.0,0,100.0,329
0,2,0,2,56,69.10408502767969,14,0.0,280
0,2,0,2,57,0.0,0,100.0,329
0,2,0,2,58,0.0,0,60.0,162
0,2,0,2,59,0.0,0,100.0,329
0,2,0,2,60,0.0,0,60.0,360
0,2,0,2,61,0.0,0,100.0,322
0,2,0,2,62,0.0,0,100.0,325
0,2,0,2,63,0.0,0,100.0,409
0,2,0,2,64,0.0,0,100.0,329
0,2,0,2,65,89.834830294651,64,0.0,168
0,2,0,2,66,0.0,0,50.0,255
0,2,0,2,67,0.0,0,50.0,239
0,2,0,2,68,0.0,0,80.0,322
0,2,0,2,69,0.0,0,20.0,699
0,2,0,2,70,0.0,0,100.0,340
0,2,0,2,71,0.0,0,100.0,326
0,2,0,2,72,0.0,0,100.0,329
0,2,0,2,73,66.64010904984659,8,0.0,177
0,2,0,2,74,0.0,0,50.0,368
0,2,0,2,75,0.0,0,100.0,405
0,2,0,2,76,0.0,0,80.0,329
0,2,0,2,77,0.0,0,60.0,355
0,2,0,2,78,0.0,0,100.0,329
0,2,0,2,79,0.0,0,100.0,360
0,2,0,2,80,79.91414025327582,30,0.0,195
0,2,0,2,81,84.94673569443566,42,0.0,160
0,2,0,2,82,0.0,0,10.0,303
0,2,0,2,83,0.0,0,100.0,360
0,2,0,2,84,68.29714537199311,10,0.0,195
0,2,0,2,85,0.0,0,100.0,322
0,2,0,2,86,0.0,0,90.0,325
0,2,0,2,87,0.0,0,100.0,229
0,2,0,2,88,0.0,0,100.0,329
0,2,0,2,89,0.0,0,100.0,253
0,2,0,2,90,0.0,0,100.0,329
0,2,0,2,91,88.8268442171078,80,0.0,278
0,2,0,2,92,71.72520779228878,16,0.0,239
0,2,0,2,93,0.0,0,100.0,329
0,2,0,2,94,0.0,0,100.0,360
0,2,0,2,95,0.0,0,70.0,168
0,2,0,2,96,0.0,0,80.0,256
0,2,0,2,97,0.0,0,100.0,349
0,2,0,2,98,0.0,0,60.0,329
0,2,0,2,99,0.0,0,100.0,371
0,2,0,3,0,90.12694452321487,62,0.0,147
0,2,0,3,1,0.0,0,100.0,189
0,2,0,3,2,0.0,0,100.0,189
0,2,0,3,3,0.0,0,100.0,189
0,2,0,3,4,66.8437871872029,10,0.0,245
0,2,0,3,5,0.0,0,100.0,189
0,2,0,3,6,0.0,0,100.0,189
0,2,0,3,7,0.0,0,100.0,189
0,2,0,3,8,52.49527598775212,2,0.0,260
0,2,0,3,9,79.91414025327582,30,0.0,195
0,2,0,3,10,66.8437871872029,10,0.0,245
0,2,0,3,11,71.67986479803766,14,0.0,195
0,2,0,3,12,66.8437871872029,10,0.0,245
0,2,0,3,13,79.91414025327582,30,0.0,195
0,2,0,3,14,79.91414025327582,30,0.0,195
0,2,0,3,15,83.2905416895859,46,0.0,243
0,2,0,3,16,66.64010904984659,8,0.0,177
0,2,0,3,17,69.10408502767969,14,0.0,280
0,2,0,3,18,84.94673569443566,42,0.0,160
0,2,0,3,19,79.91414025327582,30,0.0,195
0,2,0,3,20,79.91414025327582,30,0.0,195
0,2,0,3,21,0.0,0,100.0,189
0,2,0,3,22,66.64010904984659,8,0.0,177
0,2,0,3,23,66.64010904984659,8,0.0,177
0,2,0,3,24,92.98242671270518,88,0.0,195
0,2,0,3,25,0.0,0,100.0,189
0,2,0,3,26,0.0,0,100.0,189
0,2,0,3,27,71.67986479803766,14,0.0,195
0,2,0,3,28,0.0,0,100.0,189
0,2,0,3,29,0.0,0,100.0,189
0,2,0,3,30,52.49527598775212,2,0.0,260
0,2,0,3,31,79.91414025327582,30,0.0,195
0,2,0,3,32,52.49527598775212,2,0.0,260
0,2,0,3,33,52.49527598775212,2,0.0,260
0,2,0,3,34,60.58772849975855,30,0.0,733
0,2,0,3,35,89.834830294651,64,0.0,168
0,2,0,3,36,0.0,0,100.0,189
0,2,0,3,37,79.91414025327582,30,0.0,195
0,2,0,3,38,0.0,0,100.0,189
0,2,0,3,39,79.91414025327582,30,0.0,195
0,2,0,3,40,71.72520779228878,16,0.0,239
0,2,0,3,41,79.91414025327582,30,0.0,195
0,2,0,3,42,0.0,0,100.0,189
0,2,0,3,43,0.0,0,100.0,189
0,2,0,3,44,66.8437871872029,10,0.0,245
0,2,0,3,45,79.91414025327582,30,0.0,195
0,2,0,3,46,88.8268442171078,80,0.0,278
0,2,0,3,47,76.46503830360567,22,0.0,195
0,2,0,3,48,89.834830294651,64,0.0,168
0,2,0,3,49,0.0,0,100.0,189
0,2,0,3,50,79.91414025327582,30,0.0,195
0,2,0,3,51,79.91414025327582,30,0.0,195
0,2,0,3,52,0.0,0,100.0,353
0,2,0,3,53,0.0,0,60.0,203
0,2,0,3,54,0.0,0,40.0,154
0,2,0,3,55,88.62732249672965,64,0.0,204
0,2,0,3,56,79.91414025327582,30,0.0,195
0,2,0,3,57,0.0,0,100.0,329
0,2,0,3,58,0.0,0,20.0,193
0,2,0,3,59,0.0,0,100.0,339
0,2,0,3,60,0.0,0,100.0,329
0,2,0,3,61,0.0,0,90.0,167
0,2,0,3,62,0.0,0,50.0,377
0,2,0,3,63,0.0,0,60.0,329
0,2,0,3,64,0.0,0,60.0,329
0,2,0,3,65,0.0,0,100.0,143
0,2,0,3,66,0.0,0,100.0,329
0,2,0,3,67,0.0,0,100.0,253
0,2,0,3,68,0.0,0,30.0,317
0,2,0,3,69,0.0,0,10.0,277
0,2,0,3,70,44.224571320870766,2,0.0,587
0,2,0,3,71,60.58772849975855,30,0.0,733
0,2,0,3,72,0.0,0,60.0,329
0,2,0,3,73,0.0,0,100.0,347
0,2,0,3,74,0.0,0,100.0,201
0,2,0,3,75,0.0,0,100.0,322
0,2,0,3,76,0.0,0,100.0,722
0,2,0,3,77,0.0,0,100.0,203
0,2,0,3,78,87.84855285332095,74,0.0,278
0,2,0,3,79,0.0,0,100.0,325
0,2,0,3,80,0.0,0,90.0,329
0,2,0,3,81,87.11219421474807,50,0.0,158
0,2,0,3,82,0.0,0,100.0,329
0,2,0,3,83,79.91414025327582,30,0.0,195
0,2,0,3,84,0.0,0,100.0,329
0,2,0,3,85,0.0,0,70.0,329
0,2,0,3,86,79.91414025327582,30,0.0,195
0,2,0,3,87,0.0,0,90.0,774
0,2,0,3,88,0.0,0,90.0,844
0,2,0,3,89,0.0,0,50.0,215
0,2,0,3,90,79.91414025327582,30,0.0,195
0,2,0,3,91,79.91414025327582,30,0.0,195
0,2,0,3,92,79.91414025327582,30,0.0,195
0,2,0,3,93,0.0,0,100.0,329
0,2,0,3,94,79.91414025327582,30,0.0,195
0,2,0,3,95,0.0,0,50.0,256
0,2,0,3,96,0.0,0,100.0,327
0,2,0,3,97,0.0,0,50.0,212
0,2,0,3,98,0.0,0,100.0,347
0,2,0,3,99,0.0,0,100.0,262
0,2,0,4,0,66.64010904984659,8,0.0,177
0,2,0,4,1,89.834830294651,64,0.0,168
0,2,0,4,2,71.67986479803766,14,0.0,195
0,2,0,4,3,87.84855285332095,74,0.0,278
0,2,0,4,4,79.91414025327582,30,0.0,195
0,2,0,4,5,0.0,0,100.0,189
0,2,0,4,6,87.11219421474807,50,0.0,158
0,2,0,4,7,79.91414025327582,30,0.0,195
0,2,0,4,8,92.98242671270518,88,0.0,195
0,2,0,4,9,66.8437871872029,10,0.0,245
0,2,0,4,10,84.94673569443566,42,0.0,160
0,2,0,4,11,84.94673569443566,42,0.0,160
0,2,0,4,12,79.91414025327582,30,0.0,195
0,2,0,4,13,0.0,0,100.0,189
0,2,0,4,14,79.91414025327582,30,0.0,195
0,2,0,4,15,79.91414025327582,30,0.0,195
0,2,0,4,16,79.91414025327582,30,0.0,195
0,2,0,4,17,90.12694452321487,62,0.0,147
0,2,0,4,18,79.91414025327582,30,0.0,195
0,2,0,4,19,89.834830294651,64,0.0,168
0,2,0,4,20,0.0,0,100.0,189
0,2,0,4,21,87.11219421474807,50,0.0,158
0,2,0,4,22,79.91414025327582,30,0.0,195
0,2,0,4,23,79.91414025327582,30,0.0,195
0,2,0,4,24,87.84855285332095,74,0.0,278
0,2,0,4,25,76.46503830360567,22,0.0,195
0,2,0,4,26,66.64010904984659,8,0.0,177
0,2,0,4,27,79.91414025327582,30,0.0,195
0,2,0,4,28,0.0,0,100.0,189
0,2,0,4,29,69.10408502767969,14,0.0,280
0,2,0,4,30,79.91414025327582,30,0.0,195
0,2,0,4,31,79.91414025327582,30,0.0,195
0,2,0,4,32,79.91414025327582,30,0.0,195
0,2,0,4,33,52.20464731334737,10,0.0,709
0,2,0,4,34,0.0,0,60.0,327
0,2,0,4,35,0.0,0,30.0,188
0,2,0,4,36,0.0,0,20.0,193
0,2,0,4,37,0.0,0,50.0,256
0,2,0,4,38,0.0,0,100.0,288
0,2,0,4,39,0.0,0,80.0,250
0,2,0,4,40,0.0,0,30.0,228
0,2,0,4,41,0.0,0,70.0,187
0,2,0,4,42,79.91414025327582,30,0.0,195
0,2,0,4,43,79.46633197025426,30,0.0,209
0,2,0,4,44,0.0,0,100.0,329
0,2,0,4,45,0.0,0,100.0,329
0,2,0,4,46,0.0,0,70.0,193
0,2,0,4,47,76.46503830360567,22,0.0,195
0,2,0,4,48,79.91414025327582,30,0.0,195
0,2,0,4,49,87.84855285332095,74,0.0,278
0,2,0,4,50,0.0,0,80.0,322
0,2,0,4,51,0.0,0,60.0,329
0,2,0,4,52,0.0,0,100.0,329
0,2,0,4,53,59.189931337678885,26,0.0,736
0,2,0,4,54,92.57641531783392,76,0.0,151
0,2,0,4,55,79.91414025327582,30,0.0,195
0,2,0,4,56,79.91414025327582,30,0.0,195
0,2,0,4,57,0.0,0,60.0,329
0,2,0,4,58,0.0,0,60.0,228
0,2,0,4,59,79.91414025327582,30,0.0,195
0,2,0,4,60,0.0,0,100.0,314
0,2,0,4,61,0.0,0,60.0,274
0,2,0,4,62,79.46633197025426,30,0.0,209
0,2,0,4,63,0.0,0,50.0,256
0,2,0,4,64,0.0,0,50.0,380
0,2,0,4,65,66.64010904984659,8,0.0,177
0,2,0,4,66,0.0,0,60.0,315
0,2,0,4,67,82.5853970088998,36,0.0,177
0,2,0,4,68,79.91414025327582,30,0.0,195
0,2,0,4,69,79.91414025327582,30,0.0,195
0,2,0,4,70,0.0,0,100.0,253
0,2,0,4,71,0.0,0,100.0,705
0,2,0,4,72,79.91414025327582,30,0.0,195
0,2,0,4,73,0.0,0,100.0,329
0,2,0,4,74,0.0,0,70.0,197
0,2,0,4,75,0.0,0,60.0,329
0,2,0,4,76,0.0,0,100.0,202
0,2,0,4,77,0.0,0,80.0,253
0,2,0,4,78,79.91414025327582,30,0.0,195
0,2,0,4,79,0.0,0,100.0,325
0,2,0,4,80,0.0,0,30.0,475
0,2,0,4,81,0.0,0,100.0,256
0,2,0,4,82,0.0,0,100.0,347
0,2,0,4,83,0.0,0,60.0,245
0,2,0,4,84,0.0,0,10.0,311
0,2,0,4,85,0.0,0,50.0,239
0,2,0,4,86,0.0,0,60.0,253
0,2,0,4,87,0.0,0,60.0,355
0,2,0,4,88,0.0,0,50.0,256
0,2,0,4,89,83.1533055284738,38,0.0,179
0,2,0,4,90,79.91414025327582,30,0.0,195
0,2,0,4,91,0.0,0,20.0,255
0,2,0,4,92,0.0,0,60.0,329
0,2,0,4,93,0.0,0,50.0,256
0,2,0,4,94,0.0,0,40.0,341
0,2,0,4,95,87.84855285332095,74,0.0,278
0,2,0,4,96,0.0,0,40.0,159
0,2,0,4,97,79.91414025327582,30,0.0,195
0,2,0,4,98,77.07283520914561,28,0.0,259
0,2,0,4,99,79.91414025327582,30,0.0,195
0,2,0,5,0,69.10408502767969,14,0.0,280
0,2,0,5,1,87.84855285332095,74,0.0,278
0,2,0,5,2,90.12694452321487,62,0.0,147
0,2,0,5,3,89.834830294651,64,0.0,168
0,2,0,5,4,0.0,0,100.0,189
0,2,0,5,5,79.91414025327582,30,0.0,195
0,2,0,5,6,79.91414025327582,30,0.0,195
0,2,0,5,7,92.98242671270518,88,0.0,195
0,2,0,5,8,0.0,0,100.0,189
0,2,0,5,9,79.91414025327582,30,0.0,195
0,2,0,5,10,79.91414025327582,30,0.0,195
0,2,0,5,11,79.91414025327582,30,0.0,195
0,2,0,5,12,89.834830294651,64,0.0,168
0,2,0,5,13,66.64010904984659,8,0.0,177
0,2,0,5,14,79.91414025327582,30,0.0,195
0,2,0,5,15,79.91414025327582,30,0.0,195
0,2,0,5,16,79.46633197025426,30,0.0,209
0,2,0,5,17,87.84855285332095,74,0.0,278
0,2,0,5,18,79.91414025327582,30,0.0,195
0,2,0,5,19,79.91414025327582,30,0.0,195
0,2,0,5,20,76.46503830360567,22,0.0,195
0,2,0,5,21,83.1533055284738,38,0.0,179
0,2,0,5,22,79.91414025327582,30,0.0,195
0,2,0,5,23,66.64010904984659,8,0.0,177
0,2,0,5,24,87.11219421474807,50,0.0,158
0,2,0,5,25,0.0,0,100.0,189
0,2,0,5,26,87.84855285332095,74,0.0,278
0,2,0,5,27,0.0,0,100.0,189
0,2,0,5,28,76.46503830360567,22,0.0,195
0,2,0,5,29,82.5853970088998,36,0.0,177
0,2,0,5,30,79.91414025327582,30,0.0,195
0,2,0,5,31,79.91414025327582,30,0.0,195
0,2,0,5,32,79.91414025327582,30,0.0,195
0,2,0,5,33,79.91414025327582,30,0.0,195
0,2,0,5,34,79.91414025327582,30,0.0,195
0,2,0,5,35,79.91414025327582,30,0.0,195
0,2,0,5,36,79.91414025327582,30,0.0,195
0,2,0,5,37,0.0,0,60.0,329
0,2,0,5,38,79.91414025327582,30,0.0,195
0,2,0,5,39,79.91414025327582,30,0.0,195
0,2,0,5,40,0.0,0,90.0,329
0,2,0,5,41,79.91414025327582,30,0.0,195
0,2,0,5,42,86.05261351397445,64,0.0,278
0,2,0,5,43,0.0,0,80.0,253
0,2,0,5,44,87.84855285332095,74,0.0,278
0,2,0,5,45,64.60127369286477,8,0.0,249
0,2,0,5,46,71.41156992404697,14,0.0,204
0,2,0,5,47,88.0541237002195,54,0.0,158
0,2,0,5,48,0.0,0,100.0,329
0,2,0,5,49,0.0,0,100.0,329
0,2,0,5,50,75.96379659178805,24,0.0,241
0,2,0,5,51,79.91414025327582,30,0.0,195
0,2,0,5,52,79.91414025327582,30,0.0,195
0,2,0,5,53,90.02910668490014,62,0.0,150
0,2,0,5,54,0.0,0,20.0,193
0,2,0,5,55,79.91414025327582,30,0.0,195
0,2,0,5,56,0.0,0,100.0,109
0,2,0,5,57,79.91414025327582,30,0.0,195
0,2,0,5,58,0.0,0,100.0,325
0,2,0,5,59,0.0,0,50.0,256
0,2,0,5,60,0.0,0,100.0,325
0,2,0,5,61,82.04116283798106,32,0.0,151
0,2,0,5,62,0.0,0,60.0,329
0,2,0,5,63,87.84855285332095,74,0.0,278
0,2,0,5,64,86.78731939278322,50,0.0,168
0,2,0,5,65,0.0,0,10.0,221
0,2,0,5,66,79.91414025327582,30,0.0,195
0,2,0,5,67,68.7502186134524,12,0.0,241
0,2,0,5,68,0.0,0,20.0,188
0,2,0,5,69,79.91414025327582,30,0.0,195
0,2,0,5,70,0.0,0,80.0,178
0,2,0,5,71,0.0,0,80.0,373
0,2,0,5,72,0.0,0,70.0,103
0,2,0,5,73,85.7226674542589,54,0.0,228
0,2,0,5,74,85.01076705666193,42,0.0,158
0,2,0,5,75,0.0,0,100.0,303
0,2,0,5,76,79.91414025327582,30,0.0,195
0,2,0,5,77,0.0,0,100.0,187
0,2,0,5,78,0.0,0,60.0,214
0,2,0,5,79,0.0,0,50.0,734
0,2,0,5,80,0.0,0,20.0,189
0,2,0,5,81,0.0,0,90.0,179
0,2,0,5,82,82.96805943147837,36,0.0,165
0,2,0,5,83,70.32778501219629,14,0.0,240
0,2,0,5,84,0.0,0,30.0,187
0,2,0,5,85,0.0,0,100.0,399
0,2,0,5,86,0.0,0,50.0,325
0,2,0,5,87,0.0,0,100.0,329
0,2,0,5,88,0.0,0,90.0,242
0,2,0,5,89,0.0,0,60.0,213
0,2,0,5,90,87.14023270099801,66,0.0,258
0,2,0,5,91,79.91414025327582,30,0.0,195
0,2,0,5,92,0.0,0,20.0,245
0,2,0,5,93,0.0,0,100.0,329
0,2,0,5,94,0.0,0,80.0,322
0,2,0,5,95,0.0,0,90.0,795
0,2,0,5,96,79.91414025327582,30,0.0,195
0,2,0,5,97,79.91414025327582,30,0.0,195
0,2,0,5,98,0.0,0,100.0,157
0,2,0,5,99,0.0,0,20.0,253
0,2,0,6,0,92.98242671270518,88,0.0,195
0,2,0,6,1,79.91414025327582,30,0.0,195
0,2,0,6,2,0.0,0,100.0,189
0,2,0,6,3,79.91414025327582,30,0.0,195
0,2,0,6,4,79.91414025327582,30,0.0,195
0,2,0,6,5,86.78731939278322,50,0.0,168
0,2,0,6,6,79.91414025327582,30,0.0,195
0,2,0,6,7,87.11219421474807,50,0.0,158
0,2,0,6,8,79.91414025327582,30,0.0,195
0,2,0,6,9,85.7226674542589,54,0.0,228
0,2,0,6,10,88.0541237002195,54,0.0,158
0,2,0,6,11,79.91414025327582,30,0.0,195
0,2,0,6,12,87.84855285332095,74,0.0,278
0,2,0,6,13,82.04116283798106,32,0.0,151
0,2,0,6,14,79.91414025327582,30,0.0,195
0,2,0,6,15,85.7226674542589,54,0.0,228
0,2,0,6,16,87.14023270099801,66,0.0,258
0,2,0,6,17,87.11219421474807,50,0.0,158
0,2,0,6,18,82.04116283798106,32,0.0,151
0,2,0,6,19,86.78731939278322,50,0.0,168
0,2,0,6,20,92.98242671270518,88,0.0,195
0,2,0,6,21,87.11219421474807,50,0.0,158
0,2,0,6,22,79.91414025327582,30,0.0,195
0,2,0,6,23,87.84855285332095,74,0.0,278
0,2,0,6,24,79.91414025327582,30,0.0,195
0,2,0,6,25,79.91414025327582,30,0.0,195
0,2,0,6,26,92.98242671270518,88,0.0,195
0,2,0,6,27,79.91414025327582,30,0.0,195
0,2,0,6,28,87.84855285332095,74,0.0,278
0,2,0,6,29,79.91414025327582,30,0.0,195
0,2,0,6,30,79.91414025327582,30,0.0,195
0,2,0,6,31,79.91414025327582,30,0.0,195
0,2,0,6,32,82.5853970088998,36,0.0,177
0,2,0,6,33,79.91414025327582,30,0.0,195
0,2,0,6,34,86.05261351397445,64,0.0,278
0,2,0,6,35,82.5853970088998,36,0.0,177
0,2,0,6,36,0.0,0,30.0,548
0,2,0,6,37,76.46503830360567,22,0.0,195
0,2,0,6,38,0.0,0,80.0,407
0,2,0,6,39,0.0,0,60.0,719
0,2,0,6,40,90.68682588218658,76,0.0,207
0,2,0,6,41,0.0,0,100.0,249
0,2,0,6,42,0.0,0,60.0,329
0,2,0,6,43,79.91414025327582,30,0.0,195
0,2,0,6,44,0.0,0,100.0,322
0,2,0,6,45,79.91414025327582,30,0.0,195
0,2,0,6,46,0.0,0,40.0,547
0,2,0,6,47,88.49131791120388,64,0.0,208
0,2,0,6,48,0.0,0,20.0,250
0,2,0,6,49,79.91414025327582,30,0.0,195
0,2,0,6,50,76.56011712877941,20,0.0,158
0,2,0,6,51,0.0,0,60.0,329
0,2,0,6,52,79.62665743957959,30,0.0,204
0,2,0,6,53,79.91414025327582,30,0.0,195
0,2,0,6,54,84.97876143261118,42,0.0,159
0,2,0,6,55,82.55338527615841,36,0.0,178
0,2,0,6,56,79.91414025327582,30,0.0,195
0,2,0,6,57,0.0,0,20.0,728
0,2,0,6,58,70.14552428044809,14,0.0,246
0,2,0,6,59,0.0,0,90.0,329
0,2,0,6,60,0.0,0,100.0,319
0,2,0,6,61,82.5853970088998,36,0.0,177
0,2,0,6,62,79.91414025327582,30,0.0,195
0,2,0,6,63,85.36149935895118,42,0.0,147
0,2,0,6,64,0.0,0,100.0,329
0,2,0,6,65,53.17708233669852,16,0.0,788
0,2,0,6,66,0.0,0,20.0,322
0,2,0,6,67,77.99009874528744,26,0.0,205
0,2,0,6,68,0.0,0,70.0,253
0,2,0,6,69,0.0,0,60.0,320
0,2,0,6,70,79.91414025327582,30,0.0,195
0,2,0,6,71,82.55338527615841,36,0.0,178
0,2,0,6,72,79.91414025327582,30,0.0,195
0,2,0,6,73,0.0,0,100.0,364
0,2,0,6,74,92.98242671270518,88,0.0,195
0,2,0,6,75,87.84855285332095,74,0.0,278
0,2,0,6,76,0.0,0,100.0,344
0,2,0,6,77,79.91414025327582,30,0.0,195
0,2,0,6,78,85.85514182653957,44,0.0,149
0,2,0,6,79,0.0,0,30.0,303
0,2,0,6,80,0.0,0,30.0,246
0,2,0,6,81,66.64010904984659,8,0.0,177
0,2,0,6,82,0.0,0,60.0,329
0,2,0,6,83,79.91414025327582,30,0.0,195
0,2,0,6,84,0.0,0,20.0,193
0,2,0,6,85,79.91414025327582,30,0.0,195
0,2,0,6,86,87.84855285332095,74,0.0,278
0,2,0,6,87,0.0,0,100.0,329
0,2,0,6,88,0.0,0,80.0,256
0,2,0,6,89,0.0,0,60.0,253
0,2,0,6,90,89.834830294651,64,0.0,168
0,2,0,6,91,89.834830294651,64,0.0,168
0,2,0,6,92,0.0,0,40.0,281
0,2,0,6,93,79.46633197025426,30,0.0,209
0,2,0,6,94,0.0,0,80.0,262
0,2,0,6,95,77.89508575293073,26,0.0,208
0,2,0,6,96,83.72448918809758,40,0.0,180
0,2,0,6,97,66.64010904984659,8,0.0,177
0,2,0,6,98,0.0,0,60.0,770
0,2,0,6,99,0.0,0,30.0,327
0,2,0,7,0,92.98242671270518,88,0.0,195
0,2,0,7,1,79.91414025327582,30,0.0,195
0,2,0,7,2,89.834830294651,64,0.0,168
0,2,0,7,3,79.91414025327582,30,0.0,195
0,2,0,7,4,79.91414025327582,30,0.0,195
0,2,0,7,5,87.14023270099801,66,0.0,258
0,2,0,7,6,92.98242671270518,88,0.0,195
0,2,0,7,7,87.84855285332095,74,0.0,278
0,2,0,7,8,89.834830294651,64,0.0,168
0,2,0,7,9,88.49131791120388,64,0.0,208
0,2,0,7,10,87.11219421474807,50,0.0,158
0,2,0,7,11,79.91414025327582,30,0.0,195
0,2,0,7,12,92.98242671270518,88,0.0,195
0,2,0,7,13,87.84855285332095,74,0.0,278
0,2,0,7,14,79.91414025327582,30,0.0,195
0,2,0,7,15,79.91414025327582,30,0.0,195
0,2,0,7,16,87.11219421474807,50,0.0,158
0,2,0,7,17,79.91414025327582,30,0.0,195
0,2,0,7,18,82.04116283798106,32,0.0,151
0,2,0,7,19,82.5853970088998,36,0.0,177
0,2,0,7,20,92.98242671270518,88,0.0,195
0,2,0,7,21,85.7226674542589,54,0.0,228
0,2,0,7,22,82.04116283798106,32,0.0,151
0,2,0,7,23,86.78731939278322,50,0.0,168
0,2,0,7,24,92.98242671270518,88,0.0,195
0,2,0,7,25,0.0,0,100.0,189
0,2,0,7,26,86.78731939278322,50,0.0,168
0,2,0,7,27,86.78731939278322,50,0.0,168
0,2,0,7,28,92.98242671270518,88,0.0,195
0,2,0,7,29,86.78731939278322,50,0.0,168
0,2,0,7,30,87.11219421474807,50,0.0,158
0,2,0,7,31,79.91414025327582,30,0.0,195
0,2,0,7,32,86.78731939278322,50,0.0,168
0,2,0,7,33,87.11219421474807,50,0.0,158
0,2,0,7,34,86.78731939278322,50,0.0,168
0,2,0,7,35,79.91414025327582,30,0.0,195
0,2,0,7,36,0.0,0,60.0,329
0,2,0,7,37,79.91414025327582,30,0.0,195
0,2,0,7,38,87.11219421474807,50,0.0,158
0,2,0,7,39,0.0,0,60.0,484
0,2,0,7,40,87.48693694970926,74,0.0,288
0,2,0,7,41,83.1533055284738,38,0.0,179
0,2,0,7,42,79.91414025327582,30,0.0,195
0,2,0,7,43,76.12283672360391,22,0.0,206
0,2,0,7,44,0.0,0,60.0,329
0,2,0,7,45,79.91414025327582,30,0.0,195
0,2,0,7,46,0.0,0,100.0,731
0,2,0,7,47,79.91414025327582,30,0.0,195
0,2,0,7,48,87.48693694970926,74,0.0,288
0,2,0,7,49,83.18546928095932,38,0.0,178
0,2,0,7,50,0.0,0,90.0,892
0,2,0,7,51,75.43248014274116,20,0.0,195
0,2,0,7,52,79.91414025327582,30,0.0,195
0,2,0,7,53,69.93230530750147,14,0.0,253
0,2,0,7,54,79.91414025327582,30,0.0,195
0,2,0,7,55,87.84855285332095,74,0.0,278
0,2,0,7,56,0.0,10,100.0,1000
0,2,0,7,57,89.22724393225897,78,0.0,258
0,2,0,7,58,0.0,0,80.0,316
0,2,0,7,59,0.0,0,70.0,256
0,2,0,7,60,79.91414025327582,30,0.0,195
0,2,0,7,61,0.0,0,100.0,320
0,2,0,7,62,0.0,0,60.0,329
0,2,0,7,63,0.0,0,100.0,327
0,2,0,7,64,0.0,0,60.0,311
0,2,0,7,65,82.19710515995598,32,0.0,146
0,2,0,7,66,75.45281540437591,18,0.0,157
0,2,0,7,67,0.0,0,60.0,547
0,2,0,7,68,85.94095681832124,52,0.0,208
0,2,0,7,69,79.91414025327582,30,0.0,195
0,2,0,7,70,82.96805943147837,36,0.0,165
0,2,0,7,71,82.8119219149372,40,0.0,208
0,2,0,7,72,0.0,0,70.0,325
0,2,0,7,73,79.91414025327582,30,0.0,195
0,2,0,7,74,0.0,0,70.0,322
0,2,0,7,75,91.52116665863343,72,0.0,162
0,2,0,7,76,79.91414025327582,30,0.0,195
0,2,0,7,77,86.78731939278322,50,0.0,168
0,2,0,7,78,0.0,0,100.0,329
0,2,0,7,79,0.0,0,60.0,213
0,2,0,7,80,92.14459896555697,76,0.0,164
0,2,0,7,81,91.07619548197046,66,0.0,142
0,2,0,7,82,85.35557186028652,46,0.0,181
0,2,0,7,83,79.91414025327582,30,0.0,195
0,2,0,7,84,0.0,0,100.0,209
0,2,0,7,85,66.64010904984659,8,0.0,177
0,2,0,7,86,82.90040500057917,34,0.0,146
0,2,0,7,87,0.0,0,60.0,325
0,2,0,7,88,79.91414025327582,30,0.0,195
0,2,0,7,89,0.0,0,60.0,329
0,2,0,7,90,0.0,0,100.0,329
0,2,0,7,91,0.0,0,60.0,253
0,2,0,7,92,85.86787211610064,48,0.0,181
0,2,0,7,93,0.0,0,60.0,329
0,2,0,7,94,92.98242671270518,88,0.0,195
0,2,0,7,95,92.98242671270518,88,0.0,195
0,2,0,7,96,79.91414025327582,30,0.0,195
0,2,0,7,97,79.91414025327582,30,0.0,195
0,2,0,7,98,76.12283672360391,22,0.0,206
0,2,0,7,99,0.0,0,80.0,772
0,2,0,8,0,86.78731939278322,50,0.0,168
0,2,0,8,1,92.98242671270518,88,0.0,195
0,2,0,8,2,92.98242671270518,88,0.0,195
0,2,0,8,3,91.07619548197046,66,0.0,142
0,2,0,8,4,92.98242671270518,88,0.0,195
0,2,0,8,5,85.94095681832124,52,0.0,208
0,2,0,8,6,89.22724393225897,78,0.0,258
0,2,0,8,7,92.98242671270518,88,0.0,195
0,2,0,8,8,79.91414025327582,30,0.0,195
0,2,0,8,9,87.11219421474807,50,0.0,158
0,2,0,8,10,87.48693694970926,74,0.0,288
0,2,0,8,11,91.52116665863343,72,0.0,162
0,2,0,8,12,92.98242671270518,88,0.0,195
0,2,0,8,13,87.11219421474807,50,0.0,158
0,2,0,8,14,89.22724393225897,78,0.0,258
0,2,0,8,15,92.98242671270518,88,0.0,195
0,2,0,8,16,86.78731939278322,50,0.0,168
0,2,0,8,17,87.84855285332095,74,0.0,278
0,2,0,8,18,92.98242671270518,88,0.0,195
0,2,0,8,19,89.834830294651,64,0.0,168
0,2,0,8,20,79.91414025327582,30,0.0,195
0,2,0,8,21,91.07619548197046,66,0.0,142
0,2,0,8,22,89.834830294651,64,0.0,168
0,2,0,8,23,91.52116665863343,72,0.0,162
0,2,0,8,24,89.834830294651,64,0.0,168
0,2,0,8,25,88.49131791120388,64,0.0,208
0,2,0,8,26,87.48693694970926,74,0.0,288
0,2,0,8,27,92.14459896555697,76,0.0,164
0,2,0,8,28,0.0,0,100.0,189
0,2,0,8,29,87.11219421474807,50,0.0,158
0,2,0,8,30,82.96805943147837,36,0.0,165
0,2,0,8,31,86.78731939278322,50,0.0,168
0,2,0,8,32,92.98242671270518,88,0.0,195
0,2,0,8,33,87.11219421474807,50,0.0,158
0,2,0,8,34,86.78731939278322,50,0.0,168
0,2,0,8,35,86.78731939278322,50,0.0,168
0,2,0,8,36,85.86787211610064,48,0.0,181
0,2,0,8,37,88.49131791120388,64,0.0,208
0,2,0,8,38,92.98242671270518,88,0.0,195
0,2,0,8,39,87.84855285332095,74,0.0,278
0,2,0,8,40,0.0,0,50.0,329
0,2,0,8,41,79.91414025327582,30,0.0,195
0,2,0,8,42,78.85312711776714,30,0.0,228
0,2,0,8,43,79.91414025327582,30,0.0,195
0,2,0,8,44,0.0,0,100.0,256
0,2,0,8,45,0.0,0,70.0,546
0,2,0,8,46,0.0,0,70.0,223
0,2,0,8,47,0.0,0,60.0,329
0,2,0,8,48,87.84855285332095,74,0.0,278
0,2,0,8,49,79.91414025327582,30,0.0,195
0,2,0,8,50,0.0,0,60.0,329
0,2,0,8,51,0.0,0,20.0,355
0,2,0,8,52,79.91414025327582,30,0.0,195
0,2,0,8,53,87.84855285332095,74,0.0,278
0,2,0,8,54,87.84855285332095,74,0.0,278
0,2,0,8,55,0.0,0,100.0,329
0,2,0,8,56,0.0,0,100.0,329
0,2,0,8,57,90.74921534782602,66,0.0,152
0,2,0,8,58,0.0,0,100.0,329
0,2,0,8,59,79.91414025327582,30,0.0,195
0,2,0,8,60,92.54334611374885,76,0.0,152
0,2,0,8,61,0.0,0,100.0,325
0,2,0,8,62,0.0,0,10.0,406
0,2,0,8,63,0.0,0,100.0,329
0,2,0,8,64,77.13682837625547,24,0.0,204
0,2,0,8,65,0.0,0,90.0,329
0,2,0,8,66,0.0,0,60.0,369
0,2,0,8,67,0.0,0,90.0,255
0,2,0,8,68,79.91414025327582,30,0.0,195
0,2,0,8,69,79.91414025327582,30,0.0,195
0,2,0,8,70,0.0,0,40.0,152
0,2,0,8,71,92.98242671270518,88,0.0,195
0,2,0,8,72,87.84855285332095,74,0.0,278
0,2,0,8,73,0.0,0,30.0,162
0,2,0,8,74,0.0,0,50.0,368
0,2,0,8,75,79.91414025327582,30,0.0,195
0,2,0,8,76,90.22116560795362,66,0.0,168
0,2,0,8,77,71.41156992404697,14,0.0,204
0,2,0,8,78,75.34013519307409,20,0.0,198
0,2,0,8,79,79.91414025327582,30,0.0,195
0,2,0,8,80,91.04360328432492,66,0.0,143
0,2,0,8,81,0.0,0,20.0,324
0,2,0,8,82,0.0,0,60.0,321
0,2,0,8,83,79.91414025327582,30,0.0,195
0,2,0,8,84,0.0,0,100.0,329
0,2,0,8,85,0.0,0,70.0,384
0,2,0,8,86,82.93627531598922,36,0.0,166
0,2,0,8,87,66.64010904984659,8,0.0,177
0,2,0,8,88,0.0,0,100.0,324
0,2,0,8,89,0.0,0,100.0,253
0,2,0,8,90,68.29714537199311,10,0.0,195
0,2,0,8,91,0.0,0,100.0,327
0,2,0,8,92,0.0,0,60.0,476
0,2,0,8,93,0.0,0,90.0,193
0,2,0,8,94,87.84855285332095,74,0.0,278
0,2,0,8,95,79.91414025327582,30,0.0,195
0,2,0,8,96,0.0,0,100.0,346
0,2,0,8,97,0.0,0,100.0,325
0,2,0,8,98,0.0,0,100.0,329
0,2,0,8,99,76.12283672360391,22,0.0,206
0,2,0,9,0,92.98242671270518,88,0.0,195
0,2,0,9,1,87.84855285332095,74,0.0,278
0,2,0,9,2,92.54334611374885,76,0.0,152
0,2,0,9,3,87.11219421474807,50,0.0,158
0,2,0,9,4,92.98242671270518,88,0.0,195
0,2,0,9,5,89.834830294651,64,0.0,168
0,2,0,9,6,92.98242671270518,88,0.0,195
0,2,0,9,7,92.98242671270518,88,0.0,195
0,2,0,9,8,92.98242671270518,88,0.0,195
0,2,0,9,9,90.22116560795362,66,0.0,168
0,2,0,9,10,92.14459896555697,76,0.0,164
0,2,0,9,11,92.98242671270518,88,0.0,195
0,2,0,9,12,92.98242671270518,88,0.0,195
0,2,0,9,13,92.98242671270518,88,0.0,195
0,2,0,9,14,79.91414025327582,30,0.0,195
0,2,0,9,15,92.98242671270518,88,0.0,195
0,2,0,9,16,92.98242671270518,88,0.0,195
0,2,0,9,17,92.98242671270518,88,0.0,195
0,2,0,9,18,82.93627531598922,36,0.0,166
0,2,0,9,19,78.85312711776714,30,0.0,228
0,2,0,9,20,85.86787211610064,48,0.0,181
0,2,0,9,21,88.49131791120388,64,0.0,208
0,2,0,9,22,87.84855285332095,74,0.0,278
0,2,0,9,23,87.11219421474807,50,0.0,158
0,2,0,9,24,92.98242671270518,88,0.0,195
0,2,0,9,25,87.11219421474807,50,0.0,158
0,2,0,9,26,86.78731939278322,50,0.0,168
0,2,0,9,27,91.52116665863343,72,0.0,162
0,2,0,9,28,92.98242671270518,88,0.0,195
0,2,0,9,29,92.14459896555697,76,0.0,164
0,2,0,9,30,89.22724393225897,78,0.0,258
0,2,0,9,31,90.74921534782602,66,0.0,152
0,2,0,9,32,92.98242671270518,88,0.0,195
0,2,0,9,33,92.54334611374885,76,0.0,152
0,2,0,9,34,79.91414025327582,30,0.0,195
0,2,0,9,35,92.98242671270518,88,0.0,195
0,2,0,9,36,0.0,0,40.0,310
0,2,0,9,37,0.0,0,100.0,325
0,2,0,9,38,0.0,0,100.0,329
0,2,0,9,39,0.0,0,100.0,327
0,2,0,9,40,0.0,0,90.0,325
0,2,0,9,41,91.42123936153244,68,0.0,143
0,2,0,9,42,83.78908632980507,40,0.0,178
0,2,0,9,43,0.0,0,100.0,698
0,2,0,9,44,92.54334611374885,76,0.0,152
0,2,0,9,45,0.0,0,100.0,329
0,2,0,9,46,87.48693694970926,74,0.0,288
0,2,0,9,47,85.13044681062993,56,0.0,258
0,2,0,9,48,0.0,0,100.0,325
0,2,0,9,49,82.96805943147837,36,0.0,165
0,2,0,9,50,87.84855285332095,74,0.0,278
0,2,0,9,51,79.91414025327582,30,0.0,195
0,2,0,9,52,87.11219421474807,50,0.0,158
0,2,0,9,53,0.0,0,60.0,329
0,2,0,9,54,0.0,0,100.0,104
0,2,0,9,55,88.14492669273072,78,0.0,288
0,2,0,9,56,0.0,0,50.0,539
0,2,0,9,57,91.3704696929347,76,0.0,187
0,2,0,9,58,73.46499238659518,20,0.0,258
0,2,0,9,59,0.0,0,70.0,731
0,2,0,9,60,0.0,0,10.0,375
0,2,0,9,61,0.0,0,100.0,329
0,2,0,9,62,0.0,0,100.0,256
0,2,0,9,63,0.0,0,60.0,329
0,2,0,9,64,0.0,0,70.0,202
0,2,0,9,65,77.89508575293073,26,0.0,208
0,2,0,9,66,87.4027555215456,50,0.0,149
0,2,0,9,67,0.0,0,60.0,382
0,2,0,9,68,79.91414025327582,30,0.0,195
0,2,0,9,69,0.0,0,20.0,478
0,2,0,9,70,92.98242671270518,88,0.0,195
0,2,0,9,71,92.98242671270518,88,0.0,195
0,2,0,9,72,88.8749123857292,66,0.0,208
0,2,0,9,73,79.91414025327582,30,0.0,195
0,2,0,9,74,79.91414025327582,30,0.0,195
0,2,0,9,75,88.73011346396879,56,0.0,151
0,2,0,9,76,0.0,0,60.0,368
0,2,0,9,77,0.0,0,100.0,329
0,2,0,9,78,90.89565206622865,68,0.0,159
0,2,0,9,79,0.0,0,100.0,256
0,2,0,9,80,0.0,0,100.0,347
0,2,0,9,81,0.0,0,80.0,203
0,2,0,9,82,79.91414025327582,30,0.0,195
0,2,0,9,83,0.0,0,100.0,325
0,2,0,9,84,76.46503830360567,22,0.0,195
0,2,0,9,85,0.0,0,60.0,147
0,2,0,9,86,0.0,0,50.0,329
0,2,0,9,87,0.0,0,100.0,357
0,2,0,9,88,87.84855285332095,74,0.0,278
0,2,0,9,89,0.0,0,40.0,360
0,2,0,9,90,90.25434437064357,66,0.0,167
0,2,0,9,91,0.0,0,10.0,238
0,2,0,9,92,0.0,0,80.0,141
0,2,0,9,93,87.84855285332095,74,0.0,278
0,2,0,9,94,47.301019211586095,10,0.0,855
0,2,0,9,95,0.0,0,100.0,253
0,2,0,9,96,0.0,0,40.0,222
0,2,0,9,97,84.55810921143674,40,0.0,154
0,2,0,9,98,0.0,0,100.0,240
0,2,0,9,99,0.0,0,50.0,254
0,2,0,10,0,78.85312711776714,30,0.0,228
0,2,0,10,1,92.98242671270518,88,0.0,195
0,2,0,10,2,0.0,0,40.0,310
0,2,0,10,3,79.91414025327582,30,0.0,195
0,2,0,10,4,87.11219421474807,50,0.0,158
0,2,0,10,5,87.84855285332095,74,0.0,278
0,2,0,10,6,92.14459896555697,76,0.0,164
0,2,0,10,7,92.98242671270518,88,0.0,195
0,2,0,10,8,90.25434437064357,66,0.0,167
0,2,0,10,9,82.96805943147837,36,0.0,165
0,2,0,10,10,87.4027555215456,50,0.0,149
0,2,0,10,11,0.0,0,40.0,310
0,2,0,10,12,87.84855285332095,74,0.0,278
0,2,0,10,13,92.14459896555697,76,0.0,164
0,2,0,10,14,92.98242671270518,88,0.0,195
0,2,0,10,15,92.98242671270518,88,0.0,195
0,2,0,10,16,92.98242671270518,88,0.0,195
0,2,0,10,17,92.98242671270518,88,0.0,195
0,2,0,10,18,92.98242671270518,88,0.0,195
0,2,0,10,19,92.54334611374885,76,0.0,152
0,2,0,10,20,89.834830294651,64,0.0,168
0,2,0,10,21,92.98242671270518,88,0.0,195
0,2,0,10,22,92.98242671270518,88,0.0,195
0,2,0,10,23,92.98242671270518,88,0.0,195
0,2,0,10,24,90.74921534782602,66,0.0,152
0,2,0,10,25,92.98242671270518,88,0.0,195
0,2,0,10,26,92.98242671270518,88,0.0,195
0,2,0,10,27,92.98242671270518,88,0.0,195
0,2,0,10,28,92.54334611374885,76,0.0,152
0,2,0,10,29,92.54334611374885,76,0.0,152
0,2,0,10,30,84.55810921143674,40,0.0,154
0,2,0,10,31,92.54334611374885,76,0.0,152
0,2,0,10,32,89.22724393225897,78,0.0,258
0,2,0,10,33,92.98242671270518,88,0.0,195
0,2,0,10,34,92.98242671270518,88,0.0,195
0,2,0,10,35,0.0,0,90.0,326
0,2,0,10,36,0.0,0,100.0,325
0,2,0,10,37,92.98242671270518,88,0.0,195
0,2,0,10,38,92.98242671270518,88,0.0,195
0,2,0,10,39,79.91414025327582,30,0.0,195
0,2,0,10,40,87.81970421768722,76,0.0,288
0,2,0,10,41,0.0,0,30.0,290
0,2,0,10,42,0.0,0,40.0,242
0,2,0,10,43,87.84855285332095,74,0.0,278
0,2,0,10,44,0.0,0,60.0,103
0,2,0,10,45,0.0,0,90.0,732
0,2,0,10,46,0.0,0,70.0,238
0,2,0,10,47,92.98242671270518,88,0.0,195
0,2,0,10,48,77.69222088074481,28,0.0,240
0,2,0,10,49,0.0,0,30.0,187
0,2,0,10,50,89.86794547268806,64,0.0,167
0,2,0,10,51,0.0,0,60.0,329
0,2,0,10,52,0.0,0,100.0,329
0,2,0,10,53,0.0,0,100.0,336
0,2,0,10,54,0.0,0,80.0,194
0,2,0,10,55,73.0446038577889,18,0.0,236
0,2,0,10,56,0.0,0,100.0,325
0,2,0,10,57,0.0,0,100.0,329
0,2,0,10,58,0.0,0,70.0,297
0,2,0,10,59,87.84855285332095,74,0.0,278
0,2,0,10,60,92.98242671270518,88,0.0,195
0,2,0,10,61,0.0,0,50.0,281
0,2,0,10,62,90.22116560795362,66,0.0,168
0,2,0,10,63,86.79719699923808,70,0.0,288
0,2,0,10,64,0.0,0,60.0,103
0,2,0,10,65,91.12634356719768,68,0.0,152
0,2,0,10,66,87.48693694970926,74,0.0,288
0,2,0,10,67,88.0541237002195,54,0.0,158
0,2,0,10,68,0.0,0,100.0,327
0,2,0,10,69,0.0,0,100.0,325
0,2,0,10,70,84.30452745198434,48,0.0,228
0,2,0,10,71,79.91414025327582,30,0.0,195
0,2,0,10,72,92.98242671270518,88,0.0,195
0,2,0,10,73,0.0,0,30.0,235
0,2,0,10,74,0.0,0,100.0,322
0,2,0,10,75,0.0,0,80.0,311
0,2,0,10,76,92.98242671270518,88,0.0,195
0,2,0,10,77,92.98242671270518,88,0.0,195
0,2,0,10,78,79.91414025327582,30,0.0,195
0,2,0,10,79,87.81249587311146,74,0.0,279
0,2,0,10,80,0.0,0,80.0,236
0,2,0,10,81,0.0,0,100.0,329
0,2,0,10,82,82.03863073922574,36,0.0,194
0,2,0,10,83,91.04360328432492,66,0.0,143
0,2,0,10,84,87.7130105022104,56,0.0,182
0,2,0,10,85,41.108637967139,2,0.0,706
0,2,0,10,86,89.96752372458215,72,0.0,208
0,2,0,10,87,0.0,0,100.0,293
0,2,0,10,88,0.0,0,50.0,478
0,2,0,10,89,0.0,0,50.0,224
0,2,0,10,90,93.27424186224158,90,0.0,195
0,2,0,10,91,87.84855285332095,74,0.0,278
0,2,0,10,92,90.74921534782602,66,0.0,152
0,2,0,10,93,92.98242671270518,88,0.0,195
0,2,0,10,94,76.37842741742602,24,0.0,228
0,2,0,10,95,82.61810695354865,34,0.0,155
0,2,0,10,96,88.14212692782795,56,0.0,169
0,2,0,10,97,92.23490051231883,74,0.0,151
0,2,0,10,98,93.27424186224158,90,0.0,195
0,2,0,10,99,87.84855285332095,74,0.0,278
0,2,0,11,0,92.98242671270518,88,0.0,195
0,2,0,11,1,92.98242671270518,88,0.0,195
0,2,0,11,2,0.0,0,40.0,310
0,2,0,11,3,78.85312711776714,30,0.0,228
0,2,0,11,4,92.98242671270518,88,0.0,195
0,2,0,11,5,92.98242671270518,88,0.0,195
0,2,0,11,6,93.27424186224158,90,0.0,195
0,2,0,11,7,92.98242671270518,88,0.0,195
0,2,0,11,8,92.98242671270518,88,0.0,195
0,2,0,11,9,92.54334611374885,76,0.0,152
0,2,0,11,10,90.74921534782602,66,0.0,152
0,2,0,11,11,92.98242671270518,88,0.0,195
0,2,0,11,12,73.0446038577889,18,0.0,236
0,2,0,11,13,89.834830294651,64,0.0,168
0,2,0,11,14,92.98242671270518,88,0.0,195
0,2,0,11,15,90.25434437064357,66,0.0,167
0,2,0,11,16,92.14459896555697,76,0.0,164
0,2,0,11,17,92.54334611374885,76,0.0,152
0,2,0,11,18,87.4027555215456,50,0.0,149
0,2,0,11,19,92.98242671270518,88,0.0,195
0,2,0,11,20,93.27424186224158,90,0.0,195
0,2,0,11,21,92.98242671270518,88,0.0,195
0,2,0,11,22,92.98242671270518,88,0.0,195
0,2,0,11,23,92.54334611374885,76,0.0,152
0,2,0,11,24,92.98242671270518,88,0.0,195
0,2,0,11,25,92.98242671270518,88,0.0,195
0,2,0,11,26,84.30452745198434,48,0.0,228
0,2,0,11,27,91.12634356719768,68,0.0,152
0,2,0,11,28,91.04360328432492,66,0.0,143
0,2,0,11,29,92.98242671270518,88,0.0,195
0,2,0,11,30,0.0,0,100.0,325
0,2,0,11,31,87.84855285332095,74,0.0,278
0,2,0,11,32,87.84855285332095,74,0.0,278
0,2,0,11,33,0.0,0,10.0,329
0,2,0,11,34,82.61810695354865,34,0.0,155
0,2,0,11,35,79.91414025327582,30,0.0,195
0,2,0,11,36,90.75902659417574,74,0.0,195
0,2,0,11,37,88.89982135103287,76,0.0,258
0,2,0,11,38,87.84855285332095,74,0.0,278
0,2,0,11,39,0.0,0,100.0,325
0,2,0,11,40,0.0,0,50.0,722
0,2,0,11,41,92.54334611374885,76,0.0,152
0,2,0,11,42,92.98242671270518,88,0.0,195
0,2,0,11,43,0.0,0,60.0,160
0,2,0,11,44,0.0,0,100.0,329
0,2,0,11,45,91.12634356719768,68,0.0,152
0,2,0,11,46,87.84855285332095,74,0.0,278
0,2,0,11,47,49.133434455980876,8,0.0,751
0,2,0,11,48,87.26538347260117,52,0.0,168
0,2,0,11,49,0.0,0,10.0,546
0,2,0,11,50,66.61216952904485,8,0.0,178
0,2,0,11,51,82.19710515995598,32,0.0,146
0,2,0,11,52,0.0,0,50.0,329
0,2,0,11,53,92.98242671270518,88,0.0,195
0,2,0,11,54,0.0,0,40.0,325
0,2,0,11,55,0.0,0,30.0,325
0,2,0,11,56,0.0,0,70.0,544
0,2,0,11,57,0.0,0,50.0,329
0,2,0,11,58,0.0,0,10.0,368
0,2,0,11,59,87.84855285332095,74,0.0,278
0,2,0,11,60,88.8749123857292,66,0.0,208
0,2,0,11,61,92.98242671270518,88,0.0,195
0,2,0,11,62,92.98242671270518,88,0.0,195
0,2,0,11,63,87.84855285332095,74,0.0,278
0,2,0,11,64,0.0,0,30.0,326
0,2,0,11,65,87.84855285332095,74,0.0,278
0,2,0,11,66,87.84855285332095,74,0.0,278
0,2,0,11,67,91.22963960357691,70,0.0,160
0,2,0,11,68,92.98242671270518,88,0.0,195
0,2,0,11,69,87.84855285332095,74,0.0,278
0,2,0,11,70,92.98242671270518,88,0.0,195
0,2,0,11,71,87.84855285332095,74,0.0,278
0,2,0,11,72,0.0,0,70.0,239
0,2,0,11,73,0.0,0,100.0,164
0,2,0,11,74,0.0,0,60.0,329
0,2,0,11,75,92.98242671270518,88,0.0,195
0,2,0,11,76,92.98242671270518,88,0.0,195
0,2,0,11,77,82.8378033939585,34,0.0,148
0,2,0,11,78,0.0,0,60.0,368
0,2,0,11,79,88.77414014099502,82,0.0,288
0,2,0,11,80,0.0,0,80.0,325
0,2,0,11,81,80.04646595260841,28,0.0,166
0,2,0,11,82,87.84855285332095,74,0.0,278
0,2,0,11,83,85.66686612486978,50,0.0,202
0,2,0,11,84,87.6948015145588,54,0.0,169
0,2,0,11,85,0.0,0,40.0,719
0,2,0,11,86,0.0,0,50.0,256
0,2,0,11,87,0.0,0,50.0,243
0,2,0,11,88,63.168979932529915,6,0.0,205
0,2,0,11,89,85.7461784807125,46,0.0,169
0,2,0,11,90,90.75902659417574,74,0.0,195
0,2,0,11,91,0.0,0,10.0,354
0,2,0,11,92,0.0,0,100.0,347
0,2,0,11,93,87.84855285332095,74,0.0,278
0,2,0,11,94,87.84855285332095,74,0.0,278
0,2,0,11,95,92.98242671270518,88,0.0,195
0,2,0,11,96,93.27424186224158,90,0.0,195
0,2,0,11,97,88.46296141741499,80,0.0,288
0,2,0,11,98,0.0,0,60.0,294
0,2,0,11,99,76.12283672360391,22,0.0,206
0,2,0,12,0,92.98242671270518,88,0.0,195
0,2,0,12,1,92.98242671270518,88,0.0,195
0,2,0,12,2,93.27424186224158,90,0.0,195
0,2,0,12,3,93.27424186224158,90,0.0,195
0,2,0,12,4,92.98242671270518,88,0.0,195
0,2,0,12,5,92.98242671270518,88,0.0,195
0,2,0,12,6,90.74921534782602,66,0.0,152
0,2,0,12,7,92.98242671270518,88,0.0,195
0,2,0,12,8,92.98242671270518,88,0.0,195
0,2,0,12,9,92.98242671270518,88,0.0,195
0,2,0,12,10,92.98242671270518,88,0.0,195
0,2,0,12,11,91.04360328432492,66,0.0,143
0,2,0,12,12,92.98242671270518,88,0.0,195
0,2,0,12,13,92.98242671270518,88,0.0,195
0,2,0,12,14,90.75902659417574,74,0.0,195
0,2,0,12,15,87.84855285332095,74,0.0,278
0,2,0,12,16,92.98242671270518,88,0.0,195
0,2,0,12,17,92.98242671270518,88,0.0,195
0,2,0,12,18,92.98242671270518,88,0.0,195
0,2,0,12,19,0.0,0,40.0,310
0,2,0,12,20,92.98242671270518,88,0.0,195
0,2,0,12,21,92.98242671270518,88,0.0,195
0,2,0,12,22,92.98242671270518,88,0.0,195
0,2,0,12,23,92.98242671270518,88,0.0,195
0,2,0,12,24,92.14459896555697,76,0.0,164
0,2,0,12,25,93.27424186224158,90,0.0,195
0,2,0,12,26,92.98242671270518,88,0.0,195
0,2,0,12,27,92.98242671270518,88,0.0,195
0,2,0,12,28,92.98242671270518,88,0.0,195
0,2,0,12,29,92.98242671270518,88,0.0,195
0,2,0,12,30,92.98242671270518,88,0.0,195
0,2,0,12,31,92.98242671270518,88,0.0,195
0,2,0,12,32,88.8749123857292,66,0.0,208
0,2,0,12,33,85.01076705666193,42,0.0,158
0,2,0,12,34,0.0,0,80.0,322
0,2,0,12,35,72.61082384282957,16,0.0,210
0,2,0,12,36,87.84855285332095,74,0.0,278
0,2,0,12,37,0.0,0,80.0,203
0,2,0,12,38,0.0,0,60.0,226
0,2,0,12,39,90.96391921622387,70,0.0,168
0,2,0,12,40,89.06220376452535,60,0.0,167
0,2,0,12,41,0.0,0,30.0,312
0,2,0,12,42,87.84855285332095,74,0.0,278
0,2,0,12,43,81.33007107168584,30,0.0,150
0,2,0,12,44,89.29242770253025,60,0.0,160
0,2,0,12,45,89.61938888294797,60,0.0,150
0,2,0,12,46,0.0,0,50.0,205
0,2,0,12,47,0.0,0,60.0,329
0,2,0,12,48,87.84855285332095,74,0.0,278
0,2,0,12,49,0.0,0,10.0,474
0,2,0,12,50,79.91414025327582,30,0.0,195
0,2,0,12,51,0.0,0,100.0,325
0,2,0,12,52,76.46503830360567,22,0.0,195
0,2,0,12,53,90.92524115476769,82,0.0,228
0,2,0,12,54,91.04360328432492,66,0.0,143
0,2,0,12,55,87.84855285332095,74,0.0,278
0,2,0,12,56,87.84855285332095,74,0.0,278
0,2,0,12,57,87.84855285332095,74,0.0,278
0,2,0,12,58,88.14492669273072,78,0.0,288
0,2,0,12,59,92.98242671270518,88,0.0,195
0,2,0,12,60,0.0,0,20.0,213
0,2,0,12,61,92.98242671270518,88,0.0,195
0,2,0,12,62,92.98242671270518,88,0.0,195
0,2,0,12,63,91.09817946806498,76,0.0,195
0,2,0,12,64,87.84855285332095,74,0.0,278
0,2,0,12,65,92.98242671270518,88,0.0,195
0,2,0,12,66,91.12634356719768,68,0.0,152
0,2,0,12,67,0.0,0,100.0,325
0,2,0,12,68,87.84855285332095,74,0.0,278
0,2,0,12,69,0.0,0,60.0,329
0,2,0,12,70,92.98242671270518,88,0.0,195
0,2,0,12,71,92.98242671270518,88,0.0,195
0,2,0,12,72,0.0,0,100.0,360
0,2,0,12,73,0.0,0,100.0,325
0,2,0,12,74,87.84855285332095,74,0.0,278
0,2,0,12,75,0.0,0,60.0,329
0,2,0,12,76,0.0,0,100.0,326
0,2,0,12,77,0.0,0,30.0,224
0,2,0,12,78,76.28978910384046,26,0.0,258
0,2,0,12,79,87.84855285332095,74,0.0,278
0,2,0,12,80,0.0,0,100.0,325
0,2,0,12,81,90.41173095515663,72,0.0,195
0,2,0,12,82,92.98242671270518,88,0.0,195
0,2,0,12,83,0.0,0,60.0,329
0,2,0,12,84,0.0,0,100.0,325
0,2,0,12,85,89.3687904798949,64,0.0,182
0,2,0,12,86,0.0,0,10.0,325
0,2,0,12,87,92.98242671270518,88,0.0,195
0,2,0,12,88,0.0,0,40.0,311
0,2,0,12,89,92.98242671270518,88,0.0,195
0,2,0,12,90,92.98242671270518,88,0.0,195
0,2,0,12,91,0.0,0,90.0,325
0,2,0,12,92,53.250906709942164,2,0.0,229
0,2,0,12,93,78.53370440736326,24,0.0,159
0,2,0,12,94,87.6948015145588,54,0.0,169
0,2,0,12,95,92.98242671270518,88,0.0,195
0,2,0,12,96,0.0,0,50.0,206
0,2,0,12,97,88.8749123857292,66,0.0,208
0,2,0,12,98,92.98242671270518,88,0.0,195
0,2,0,12,99,92.98242671270518,88,0.0,195
0,2,0,13,0,92.98242671270518,88,0.0,195
0,2,0,13,1,92.98242671270518,88,0.0,195
0,2,0,13,2,92.98242671270518,88,0.0,195
0,2,0,13,3,92.98242671270518,88,0.0,195
0,2,0,13,4,92.98242671270518,88,0.0,195
0,2,0,13,5,92.98242671270518,88,0.0,195
0,2,0,13,6,89.3687904798949,64,0.0,182
0,2,0,13,7,92.98242671270518,88,0.0,195
0,2,0,13,8,92.98242671270518,88,0.0,195
0,2,0,13,9,92.98242671270518,88,0.0,195
0,2,0,13,10,92.98242671270518,88,0.0,195
0,2,0,13,11,92.98242671270518,88,0.0,195
0,2,0,13,12,93.27424186224158,90,0.0,195
0,2,0,13,13,92.98242671270518,88,0.0,195
0,2,0,13,14,90.41173095515663,72,0.0,195
0,2,0,13,15,90.96391921622387,70,0.0,168
0,2,0,13,16,92.98242671270518,88,0.0,195
0,2,0,13,17,87.84855285332095,74,0.0,278
0,2,0,13,18,92.98242671270518,88,0.0,195
0,2,0,13,19,92.98242671270518,88,0.0,195
0,2,0,13,20,92.98242671270518,88,0.0,195
0,2,0,13,21,93.27424186224158,90,0.0,195
0,2,0,13,22,87.84855285332095,74,0.0,278
0,2,0,13,23,92.98242671270518,88,0.0,195
0,2,0,13,24,92.98242671270518,88,0.0,195
0,2,0,13,25,91.12634356719768,68,0.0,152
0,2,0,13,26,93.27424186224158,90,0.0,195
0,2,0,13,27,92.98242671270518,88,0.0,195
0,2,0,13,28,92.98242671270518,88,0.0,195
0,2,0,13,29,92.98242671270518,88,0.0,195
0,2,0,13,30,92.98242671270518,88,0.0,195
0,2,0,13,31,0.0,0,20.0,240
0,2,0,13,32,0.0,0,90.0,159
0,2,0,13,33,0.0,0,50.0,845
0,2,0,13,34,87.84855285332095,74,0.0,278
0,2,0,13,35,92.98242671270518,88,0.0,195
0,2,0,13,36,92.98242671270518,88,0.0,195
0,2,0,13,37,92.98242671270518,88,0.0,195
0,2,0,13,38,92.98242671270518,88,0.0,195
0,2,0,13,39,92.98242671270518,88,0.0,195
0,2,0,13,40,0.0,0,90.0,329
0,2,0,13,41,92.98242671270518,88,0.0,195
0,2,0,13,42,92.98242671270518,88,0.0,195
0,2,0,13,43,93.27424186224158,90,0.0,195
0,2,0,13,44,93.27424186224158,90,0.0,195
0,2,0,13,45,92.98242671270518,88,0.0,195
0,2,0,13,46,93.27424186224158,90,0.0,195
0,2,0,13,47,87.84855285332095,74,0.0,278
0,2,0,13,48,92.98242671270518,88,0.0,195
0,2,0,13,49,79.27353745884344,26,0.0,164
0,2,0,13,50,87.84855285332095,74,0.0,278
0,2,0,13,51,91.07619548197046,66,0.0,142
0,2,0,13,52,0.0,0,90.0,325
0,2,0,13,53,0.0,0,50.0,331
0,2,0,13,54,87.69153542736376,60,0.0,208
0,2,0,13,55,88.43701853617097,56,0.0,160
0,2,0,13,56,90.05586412093547,70,0.0,195
0,2,0,13,57,0.0,0,70.0,244
0,2,0,13,58,76.91658157405215,24,0.0,211
0,2,0,13,59,0.0,0,60.0,206
0,2,0,13,60,0.0,0,50.0,101
0,2,0,13,61,93.27424186224158,90,0.0,195
0,2,0,13,62,92.98242671270518,88,0.0,195
0,2,0,13,63,92.98242671270518,88,0.0,195
0,2,0,13,64,92.98242671270518,88,0.0,195
0,2,0,13,65,88.14492669273072,78,0.0,288
0,2,0,13,66,92.98242671270518,88,0.0,195
0,2,0,13,67,92.98242671270518,88,0.0,195
0,2,0,13,68,92.98242671270518,88,0.0,195
0,2,0,13,69,93.27424186224158,90,0.0,195
0,2,0,13,70,92.98242671270518,88,0.0,195
0,2,0,13,71,92.98242671270518,88,0.0,195
0,2,0,13,72,87.84855285332095,74,0.0,278
0,2,0,13,73,86.84362811710182,56,0.0,208
0,2,0,13,74,92.98242671270518,88,0.0,195
0,2,0,13,75,92.98242671270518,88,0.0,195
0,2,0,13,76,83.08775881734287,34,0.0,140
0,2,0,13,77,92.98242671270518,88,0.0,195
0,2,0,13,78,93.27424186224158,90,0.0,195
0,2,0,13,79,93.27424186224158,90,0.0,195
0,2,0,13,80,89.69096210426653,68,0.0,195
0,2,0,13,81,87.48693694970926,74,0.0,288
0,2,0,13,82,92.98242671270518,88,0.0,195
0,2,0,13,83,92.98242671270518,88,0.0,195
0,2,0,13,84,92.98242671270518,88,0.0,195
0,2,0,13,85,92.98242671270518,88,0.0,195
0,2,0,13,86,92.98242671270518,88,0.0,195
0,2,0,13,87,92.98242671270518,88,0.0,195
0,2,0,13,88,81.88476170264568,32,0.0,156
0,2,0,13,89,0.0,0,100.0,325
0,2,0,13,90,89.95856795621893,76,0.0,228
0,2,0,13,91,92.98242671270518,88,0.0,195
0,2,0,13,92,93.27424186224158,90,0.0,195
0,2,0,13,93,91.67024627853722,74,0.0,168
0,2,0,13,94,86.07223344648614,66,0.0,288
0,2,0,13,95,0.0,0,90.0,325
0,2,0,13,96,58.58440740912329,4,0.0,242
0,2,0,13,97,66.64010904984659,8,0.0,177
0,2,0,13,98,92.98242671270518,88,0.0,195
0,2,0,13,99,92.98242671270518,88,0.0,195
0,2,0,14,0,93.27424186224158,90,0.0,195
0,2,0,14,1,92.98242671270518,88,0.0,195
0,2,0,14,2,92.98242671270518,88,0.0,195
0,2,0,14,3,93.27424186224158,90,0.0,195
0,2,0,14,4,93.27424186224158,90,0.0,195
0,2,0,14,5,92.98242671270518,88,0.0,195
0,2,0,14,6,92.98242671270518,88,0.0,195
0,2,0,14,7,93.27424186224158,90,0.0,195
0,2,0,14,8,93.27424186224158,90,0.0,195
0,2,0,14,9,92.98242671270518,88,0.0,195
0,2,0,14,10,92.98242671270518,88,0.0,195
0,2,0,14,11,92.98242671270518,88,0.0,195
0,2,0,14,12,93.27424186224158,90,0.0,195
0,2,0,14,13,92.98242671270518,88,0.0,195
0,2,0,14,14,92.98242671270518,88,0.0,195
0,2,0,14,15,92.98242671270518,88,0.0,195
0,2,0,14,16,92.98242671270518,88,0.0,195
0,2,0,14,17,93.27424186224158,90,0.0,195
0,2,0,14,18,93.27424186224158,90,0.0,195
0,2,0,14,19,92.98242671270518,88,0.0,195
0,2,0,14,20,92.98242671270518,88,0.0,195
0,2,0,14,21,92.98242671270518,88,0.0,195
0,2,0,14,22,92.98242671270518,88,0.0,195
0,2,0,14,23,92.98242671270518,88,0.0,195
0,2,0,14,24,93.27424186224158,90,0.0,195
0,2,0,14,25,92.98242671270518,88,0.0,195
0,2,0,14,26,93.27424186224158,90,0.0,195
0,2,0,14,27,92.98242671270518,88,0.0,195
0,2,0,14,28,92.98242671270518,88,0.0,195
0,2,0,14,29,92.98242671270518,88,0.0,195
0,2,0,14,30,92.98242671270518,88,0.0,195
0,2,0,14,31,93.27424186224158,90,0.0,195
0,2,0,14,32,0.0,0,50.0,325
0,2,0,14,33,91.04360328432492,66,0.0,143
0,2,0,14,34,88.43701853617097,56,0.0,160
0,2,0,14,35,93.27424186224158,90,0.0,195
0,2,0,14,36,0.0,0,60.0,234
0,2,0,14,37,0.0,0,20.0,290
0,2,0,14,38,92.98242671270518,88,0.0,195
0,2,0,14,39,93.27424186224158,90,0.0,195
0,2,0,14,40,92.98242671270518,88,0.0,195
0,2,0,14,41,0.0,0,10.0,385
0,2,0,14,42,93.27424186224158,90,0.0,195
0,2,0,14,43,92.98242671270518,88,0.0,195
0,2,0,14,44,92.98242671270518,88,0.0,195
0,2,0,14,45,92.98242671270518,88,0.0,195
0,2,0,14,46,92.98242671270518,88,0.0,195
0,2,0,14,47,92.98242671270518,88,0.0,195
0,2,0,14,48,87.84855285332095,74,0.0,278
0,2,0,14,49,89.69096210426653,68,0.0,195
0,2,0,14,50,85.7461784807125,46,0.0,169
0,2,0,14,51,92.98242671270518,88,0.0,195
0,2,0,14,52,83.25325968010219,36,0.0,156
0,2,0,14,53,87.84855285332095,74,0.0,278
0,2,0,14,54,92.98242671270518,88,0.0,195
0,2,0,14,55,91.50602976952285,76,0.0,183
0,2,0,14,56,0.0,0,100.0,323
0,2,0,14,57,92.98242671270518,88,0.0,195
0,2,0,14,58,92.98242671270518,88,0.0,195
0,2,0,14,59,93.27424186224158,90,0.0,195
0,2,0,14,60,93.27424186224158,90,0.0,195
0,2,0,14,61,92.98242671270518,88,0.0,195
0,2,0,14,62,92.98242671270518,88,0.0,195
0,2,0,14,63,92.98242671270518,88,0.0,195
0,2,0,14,64,85.85514182653957,44,0.0,149
0,2,0,14,65,93.27424186224158,90,0.0,195
0,2,0,14,66,88.18209876135398,76,0.0,278
0,2,0,14,67,92.98242671270518,88,0.0,195
0,2,0,14,68,92.98242671270518,88,0.0,195
0,2,0,14,69,93.27424186224158,90,0.0,195
0,2,0,14,70,92.98242671270518,88,0.0,195
0,2,0,14,71,0.0,0,50.0,329
0,2,0,14,72,93.27424186224158,90,0.0,195
0,2,0,14,73,92.98242671270518,88,0.0,195
0,2,0,14,74,92.98242671270518,88,0.0,195
0,2,0,14,75,92.98242671270518,88,0.0,195
0,2,0,14,76,93.27424186224158,90,0.0,195
0,2,0,14,77,88.07900805430111,58,0.0,184
0,2,0,14,78,87.6948015145588,54,0.0,169
0,2,0,14,79,66.64010904984659,8,0.0,177
0,2,0,14,80,87.84855285332095,74,0.0,278
0,2,0,14,81,93.27424186224158,90,0.0,195
0,2,0,14,82,92.98242671270518,88,0.0,195
0,2,0,14,83,0.0,0,60.0,329
0,2,0,14,84,91.07619548197046,66,0.0,142
0,2,0,14,85,87.84855285332095,74,0.0,278
0,2,0,14,86,92.98242671270518,88,0.0,195
0,2,0,14,87,0.0,0,40.0,325
0,2,0,14,88,93.27424186224158,90,0.0,195
0,2,0,14,89,92.98242671270518,88,0.0,195
0,2,0,14,90,93.27424186224158,90,0.0,195
0,2,0,14,91,93.27424186224158,90,0.0,195
0,2,0,14,92,93.27424186224158,90,0.0,195
0,2,0,14,93,88.60857088139778,58,0.0,168
0,2,0,14,94,0.0,0,50.0,218
0,2,0,14,95,92.98242671270518,88,0.0,195
0,2,0,14,96,92.98242671270518,88,0.0,195
0,2,0,14,97,92.98242671270518,88,0.0,195
0,2,0,14,98,0.0,0,80.0,322
0,2,0,14,99,81.33007107168584,30,0.0,150
0,2,0,15,0,92.98242671270518,88,0.0,195
0,2,0,15,1,92.98242671270518,88,0.0,195
0,2,0,15,2,93.27424186224158,90,0.0,195
0,2,0,15,3,93.27424186224158,90,0.0,195
0,2,0,15,4,92.98242671270518,88,0.0,195
0,2,0,15,5,92.98242671270518,88,0.0,195
0,2,0,15,6,92.98242671270518,88,0.0,195
0,2,0,15,7,92.98242671270518,88,0.0,195
0,2,0,15,8,93.27424186224158,90,0.0,195
0,2,0,15,9,93.27424186224158,90,0.0,195
0,2,0,15,10,92.98242671270518,88,0.0,195
0,2,0,15,11,93.27424186224158,90,0.0,195
0,2,0,15,12,93.27424186224158,90,0.0,195
0,2,0,15,13,93.27424186224158,90,0.0,195
0,2,0,15,14,92.98242671270518,88,0.0,195
0,2,0,15,15,93.27424186224158,90,0.0,195
0,2,0,15,16,92.98242671270518,88,0.0,195
0,2,0,15,17,92.98242671270518,88,0.0,195
0,2,0,15,18,93.27424186224158,90,0.0,195
0,2,0,15,19,92.98242671270518,88,0.0,195
0,2,0,15,20,93.27424186224158,90,0.0,195
0,2,0,15,21,92.98242671270518,88,0.0,195
0,2,0,15,22,92.98242671270518,88,0.0,195
0,2,0,15,23,92.98242671270518,88,0.0,195
0,2,0,15,24,92.98242671270518,88,0.0,195
0,2,0,15,25,93.27424186224158,90,0.0,195
0,2,0,15,26,92.98242671270518,88,0.0,195
0,2,0,15,27,93.27424186224158,90,0.0,195
0,2,0,15,28,93.27424186224158,90,0.0,195
0,2,0,15,29,93.27424186224158,90,0.0,195
0,2,0,15,30,92.98242671270518,88,0.0,195
0,2,0,15,31,93.27424186224158,90,0.0,195
0,2,0,15,32,92.98242671270518,88,0.0,195
0,2,0,15,33,93.27424186224158,90,0.0,195
0,2,0,15,34,82.13478334746318,32,0.0,148
0,2,0,15,35,87.84855285332095,74,0.0,278
0,2,0,15,36,0.0,0,100.0,325
0,2,0,15,37,0.0,0,10.0,329
0,2,0,15,38,66.64010904984659,8,0.0,177
0,2,0,15,39,83.28485325911419,36,0.0,155
0,2,0,15,40,85.53496033278498,44,0.0,159
0,2,0,15,41,92.98242671270518,88,0.0,195
0,2,0,15,42,0.0,0,60.0,325
0,2,0,15,43,93.27424186224158,90,0.0,195
0,2,0,15,44,88.14492669273072,78,0.0,288
0,2,0,15,45,87.84855285332095,74,0.0,278
0,2,0,15,46,93.27424186224158,90,0.0,195
0,2,0,15,47,93.27424186224158,90,0.0,195
0,2,0,15,48,92.98242671270518,88,0.0,195
0,2,0,15,49,93.27424186224158,90,0.0,195
0,2,0,15,50,0.0,0,50.0,329
0,2,0,15,51,92.98242671270518,88,0.0,195
0,2,0,15,52,92.98242671270518,88,0.0,195
0,2,0,15,53,93.27424186224158,90,0.0,195
0,2,0,15,54,93.27424186224158,90,0.0,195
0,2,0,15,55,0.0,0,50.0,321
0,2,0,15,56,86.23024746085561,46,0.0,154
0,2,0,15,57,93.27424186224158,90,0.0,195
0,2,0,15,58,87.6948015145588,54,0.0,169
0,2,0,15,59,84.17294369115328,38,0.0,147
0,2,0,15,60,0.0,0,10.0,275
0,2,0,15,61,93.27424186224158,90,0.0,195
0,2,0,15,62,92.98242671270518,88,0.0,195
0,2,0,15,63,87.84855285332095,74,0.0,278
0,2,0,15,64,92.98242671270518,88,0.0,195
0,2,0,15,65,93.27424186224158,90,0.0,195
0,2,0,15,66,88.14492669273072,78,0.0,288
0,2,0,15,67,93.27424186224158,90,0.0,195
0,2,0,15,68,87.84855285332095,74,0.0,278
0,2,0,15,69,0.0,0,100.0,325
0,2,0,15,70,92.98242671270518,88,0.0,195
0,2,0,15,71,0.0,0,100.0,325
0,2,0,15,72,87.84855285332095,74,0.0,278
0,2,0,15,73,87.84855285332095,74,0.0,278
0,2,0,15,74,93.27424186224158,90,0.0,195
0,2,0,15,75,0.0,0,50.0,211
0,2,0,15,76,88.96932189191668,58,0.0,157
0,2,0,15,77,83.28485325911419,36,0.0,155
0,2,0,15,78,0.0,0,60.0,325
0,2,0,15,79,93.27424186224158,90,0.0,195
0,2,0,15,80,93.27424186224158,90,0.0,195
0,2,0,15,81,0.0,0,70.0,316
0,2,0,15,82,87.84855285332095,74,0.0,278
0,2,0,15,83,87.84855285332095,74,0.0,278
0,2,0,15,84,92.98242671270518,88,0.0,195
0,2,0,15,85,66.64010904984659,8,0.0,177
0,2,0,15,86,92.98242671270518,88,0.0,195
0,2,0,15,87,92.98242671270518,88,0.0,195
0,2,0,15,88,87.84855285332095,74,0.0,278
0,2,0,15,89,92.98242671270518,88,0.0,195
0,2,0,15,90,93.27424186224158,90,0.0,195
0,2,0,15,91,93.27424186224158,90,0.0,195
0,2,0,15,92,87.84855285332095,74,0.0,278
0,2,0,15,93,93.27424186224158,90,0.0,195
0,2,0,15,94,92.98242671270518,88,0.0,195
0,2,0,15,95,89.16495005366261,58,0.0,151
0,2,0,15,96,90.05586412093547,70,0.0,195
0,2,0,15,97,92.98242671270518,88,0.0,195
0,2,0,15,98,92.98242671270518,88,0.0,195
0,2,0,15,99,87.84855285332095,74,0.0,278
0,2,0,16,0,93.27424186224158,90,0.0,195
0,2,0,16,1,92.98242671270518,88,0.0,195
0,2,0,16,2,93.27424186224158,90,0.0,195
0,2,0,16,3,93.27424186224158,90,0.0,195
0,2,0,16,4,92.98242671270518,88,0.0,195
0,2,0,16,5,93.27424186224158,90,0.0,195
0,2,0,16,6,92.98242671270518,88,0.0,195
0,2,0,16,7,82.13478334746318,32,0.0,148
0,2,0,16,8,93.27424186224158,90,0.0,195
0,2,0,16,9,92.98242671270518,88,0.0,195
0,2,0,16,10,93.27424186224158,90,0.0,195
0,2,0,16,11,93.27424186224158,90,0.0,195
0,2,0,16,12,92.98242671270518,88,0.0,195
0,2,0,16,13,93.27424186224158,90,0.0,195
0,2,0,16,14,93.27424186224158,90,0.0,195
0,2,0,16,15,93.27424186224158,90,0.0,195
0,2,0,16,16,93.27424186224158,90,0.0,195
0,2,0,16,17,93.27424186224158,90,0.0,195
0,2,0,16,18,87.84855285332095,74,0.0,278
0,2,0,16,19,87.84855285332095,74,0.0,278
0,2,0,16,20,93.27424186224158,90,0.0,195
0,2,0,16,21,93.27424186224158,90,0.0,195
0,2,0,16,22,93.27424186224158,90,0.0,195
0,2,0,16,23,93.27424186224158,90,0.0,195
0,2,0,16,24,87.84855285332095,74,0.0,278
0,2,0,16,25,93.27424186224158,90,0.0,195
0,2,0,16,26,92.98242671270518,88,0.0,195
0,2,0,16,27,92.98242671270518,88,0.0,195
0,2,0,16,28,92.98242671270518,88,0.0,195
0,2,0,16,29,93.27424186224158,90,0.0,195
0,2,0,16,30,87.84855285332095,74,0.0,278
0,2,0,16,31,93.27424186224158,90,0.0,195
0,2,0,16,32,92.98242671270518,88,0.0,195
0,2,0,16,33,93.27424186224158,90,0.0,195
0,2,0,16,34,93.27424186224158,90,0.0,195
0,2,0,16,35,93.27424186224158,90,0.0,195
0,2,0,16,36,92.98242671270518,88,0.0,195
0,2,0,16,37,92.98242671270518,88,0.0,195
0,2,0,16,38,93.27424186224158,90,0.0,195
0,2,0,16,39,92.98242671270518,88,0.0,195
0,2,0,16,40,92.98242671270518,88,0.0,195
0,2,0,16,41,93.27424186224158,90,0.0,195
0,2,0,16,42,93.27424186224158,90,0.0,195
0,2,0,16,43,93.27424186224158,90,0.0,195
0,2,0,16,44,66.64010904984659,8,0.0,177
0,2,0,16,45,91.09817946806498,76,0.0,195
0,2,0,16,46,93.27424186224158,90,0.0,195
0,2,0,16,47,89.13873488584949,82,0.0,278
0,2,0,16,48,87.84855285332095,74,0.0,278
0,2,0,16,49,87.84855285332095,74,0.0,278
0,2,0,16,50,0.0,0,40.0,327
0,2,0,16,51,90.41173095515663,72,0.0,195
0,2,0,16,52,87.84855285332095,74,0.0,278
0,2,0,16,53,87.84855285332095,74,0.0,278
0,2,0,16,54,0.0,0,100.0,325
0,2,0,16,55,66.64010904984659,8,0.0,177
0,2,0,16,56,0.0,0,100.0,325
0,2,0,16,57,92.98242671270518,88,0.0,195
0,2,0,16,58,88.77414014099502,82,0.0,288
0,2,0,16,59,92.98242671270518,88,0.0,195
0,2,0,16,60,89.16495005366261,58,0.0,151
0,2,0,16,61,92.53246802776799,88,0.0,208
0,2,0,16,62,0.0,0,50.0,325
0,2,0,16,63,93.27424186224158,90,0.0,195
0,2,0,16,64,0.0,0,100.0,325
0,2,0,16,65,92.98242671270518,88,0.0,195
0,2,0,16,66,93.27424186224158,90,0.0,195
0,2,0,16,67,0.0,0,70.0,325
0,2,0,16,68,0.0,0,100.0,325
0,2,0,16,69,93.27424186224158,90,0.0,195
0,2,0,16,70,87.84855285332095,74,0.0,278
0,2,0,16,71,91.42123936153244,68,0.0,143
0,2,0,16,72,82.74376024084226,34,0.0,151
0,2,0,16,73,93.27424186224158,90,0.0,195
0,2,0,16,74,90.41173095515663,72,0.0,195
0,2,0,16,75,93.27424186224158,90,0.0,195
0,2,0,16,76,87.26538347260117,52,0.0,168
0,2,0,16,77,92.98242671270518,88,0.0,195
0,2,0,16,78,93.27424186224158,90,0.0,195
0,2,0,16,79,83.2701160893367,40,0.0,194
0,2,0,16,80,93.27424186224158,90,0.0,195
0,2,0,16,81,87.84855285332095,74,0.0,278
0,2,0,16,82,93.27424186224158,90,0.0,195
0,2,0,16,83,0.0,0,80.0,322
0,2,0,16,84,93.27424186224158,90,0.0,195
0,2,0,16,85,68.29714537199311,10,0.0,195
0,2,0,16,86,0.0,0,70.0,325
0,2,0,16,87,92.23540674266906,86,0.0,208
0,2,0,16,88,91.15920468844686,68,0.0,151
0,2,0,16,89,92.98242671270518,88,0.0,195
0,2,0,16,90,80.29533711299092,28,0.0,158
0,2,0,16,91,93.27424186224158,90,0.0,195
0,2,0,16,92,93.27424186224158,90,0.0,195
0,2,0,16,93,0.0,0,10.0,328
0,2,0,16,94,86.23024746085561,46,0.0,154
0,2,0,16,95,86.42201704148201,48,0.0,164
0,2,0,16,96,93.27424186224158,90,0.0,195
0,2,0,16,97,93.27424186224158,90,0.0,195
0,2,0,16,98,93.27424186224158,90,0.0,195
0,2,0,16,99,0.0,0,100.0,329
0,2,0,17,0,92.98242671270518,88,0.0,195
0,2,0,17,1,93.27424186224158,90,0.0,195
0,2,0,17,2,93.27424186224158,90,0.0,195
0,2,0,17,3,93.27424186224158,90,0.0,195
0,2,0,17,4,92.98242671270518,88,0.0,195
0,2,0,17,5,93.27424186224158,90,0.0,195
0,2,0,17,6,93.27424186224158,90,0.0,195
0,2,0,17,7,93.27424186224158,90,0.0,195
0,2,0,17,8,93.27424186224158,90,0.0,195
0,2,0,17,9,93.27424186224158,90,0.0,195
0,2,0,17,10,93.27424186224158,90,0.0,195
0,2,0,17,11,93.27424186224158,90,0.0,195
0,2,0,17,12,93.27424186224158,90,0.0,195
0,2,0,17,13,92.98242671270518,88,0.0,195
0,2,0,17,14,93.27424186224158,90,0.0,195
0,2,0,17,15,93.27424186224158,90,0.0,195
0,2,0,17,16,93.27424186224158,90,0.0,195
0,2,0,17,17,93.27424186224158,90,0.0,195
0,2,0,17,18,93.27424186224158,90,0.0,195
0,2,0,17,19,93.27424186224158,90,0.0,195
0,2,0,17,20,93.27424186224158,90,0.0,195
0,2,0,17,21,93.27424186224158,90,0.0,195
0,2,0,17,22,92.98242671270518,88,0.0,195
0,2,0,17,23,93.27424186224158,90,0.0,195
0,2,0,17,24,93.27424186224158,90,0.0,195
0,2,0,17,25,93.27424186224158,90,0.0,195
0,2,0,17,26,89.43773608800481,62,0.0,168
0,2,0,17,27,93.27424186224158,90,0.0,195
0,2,0,17,28,93.27424186224158,90,0.0,195
0,2,0,17,29,93.27424186224158,90,0.0,195
0,2,0,17,30,87.84855285332095,74,0.0,278
0,2,0,17,31,88.67436376400734,58,0.0,166
0,2,0,17,32,91.01098755825419,66,0.0,144
0,2,0,17,33,93.27424186224158,90,0.0,195
0,2,0,17,34,93.27424186224158,90,0.0,195
0,2,0,17,35,93.27424186224158,90,0.0,195
0,2,0,17,36,80.26349138545613,32,0.0,207
0,2,0,17,37,93.27424186224158,90,0.0,195
0,2,0,17,38,93.27424186224158,90,0.0,195
0,2,0,17,39,93.27424186224158,90,0.0,195
0,2,0,17,40,93.27424186224158,90,0.0,195
0,2,0,17,41,90.41173095515663,72,0.0,195
0,2,0,17,42,91.75361388236088,80,0.0,195
0,2,0,17,43,87.84855285332095,74,0.0,278
0,2,0,17,44,0.0,0,20.0,416
0,2,0,17,45,87.84855285332095,74,0.0,278
0,2,0,17,46,93.27424186224158,90,0.0,195
0,2,0,17,47,83.53691386888093,36,0.0,147
0,2,0,17,48,87.84855285332095,74,0.0,278
0,2,0,17,49,93.27424186224158,90,0.0,195
0,2,0,17,50,93.27424186224158,90,0.0,195
0,2,0,17,51,93.27424186224158,90,0.0,195
0,2,0,17,52,87.48693694970926,74,0.0,288
0,2,0,17,53,73.81275020995625,20,0.0,247
0,2,0,17,54,93.27424186224158,90,0.0,195
0,2,0,17,55,93.27424186224158,90,0.0,195
0,2,0,17,56,93.27424186224158,90,0.0,195
0,2,0,17,57,93.27424186224158,90,0.0,195
0,2,0,17,58,84.55810921143674,40,0.0,154
0,2,0,17,59,88.73011346396879,56,0.0,151
0,2,0,17,60,0.0,0,50.0,254
0,2,0,17,61,79.67107357143932,28,0.0,178
0,2,0,17,62,93.27424186224158,90,0.0,195
0,2,0,17,63,93.27424186224158,90,0.0,195
0,2,0,17,64,93.27424186224158,90,0.0,195
0,2,0,17,65,93.27424186224158,90,0.0,195
0,2,0,17,66,93.27424186224158,90,0.0,195
0,2,0,17,67,0.0,0,80.0,307
0,2,0,17,68,93.27424186224158,90,0.0,195
0,2,0,17,69,93.27424186224158,90,0.0,195
0,2,0,17,70,0.0,0,20.0,325
0,2,0,17,71,93.27424186224158,90,0.0,195
0,2,0,17,72,0.0,0,50.0,326
0,2,0,17,73,0.0,0,100.0,329
0,2,0,17,74,0.0,0,50.0,311
0,2,0,17,75,0.0,0,100.0,324
0,2,0,17,76,93.27424186224158,90,0.0,195
0,2,0,17,77,0.0,0,70.0,317
0,2,0,17,78,87.81249587311146,74,0.0,279
0,2,0,17,79,93.27424186224158,90,0.0,195
0,2,0,17,80,93.27424186224158,90,0.0,195
0,2,0,17,81,93.27424186224158,90,0.0,195
0,2,0,17,82,93.27424186224158,90,0.0,195
0,2,0,17,83,85.83508693232227,48,0.0,182
0,2,0,17,84,87.48693694970926,74,0.0,288
0,2,0,17,85,93.27424186224158,90,0.0,195
0,2,0,17,86,88.14212692782795,56,0.0,169
0,2,0,17,87,92.98242671270518,88,0.0,195
0,2,0,17,88,66.64010904984659,8,0.0,177
0,2,0,17,89,83.25325968010219,36,0.0,156
0,2,0,17,90,89.69096210426653,68,0.0,195
0,2,0,17,91,91.42958602791228,78,0.0,195
0,2,0,17,92,66.64010904984659,8,0.0,177
0,2,0,17,93,93.27424186224158,90,0.0,195
0,2,0,17,94,0.0,0,50.0,318
0,2,0,17,95,89.834830294651,64,0.0,168
0,2,0,17,96,93.27424186224158,90,0.0,195
0,2,0,17,97,93.27424186224158,90,0.0,195
0,2,0,17,98,93.27424186224158,90,0.0,195
0,2,0,17,99,93.27424186224158,90,0.0,195
0,2,0,18,0,93.27424186224158,90,0.0,195
0,2,0,18,1,93.27424186224158,90,0.0,195
0,2,0,18,2,93.27424186224158,90,0.0,195
0,2,0,18,3,93.27424186224158,90,0.0,195
0,2,0,18,4,87.84855285332095,74,0.0,278
0,2,0,18,5,93.27424186224158,90,0.0,195
0,2,0,18,6,93.27424186224158,90,0.0,195
0,2,0,18,7,93.27424186224158,90,0.0,195
0,2,0,18,8,93.27424186224158,90,0.0,195
0,2,0,18,9,93.27424186224158,90,0.0,195
0,2,0,18,10,93.27424186224158,90,0.0,195
0,2,0,18,11,93.27424186224158,90,0.0,195
0,2,0,18,12,91.01098755825419,66,0.0,144
0,2,0,18,13,93.27424186224158,90,0.0,195
0,2,0,18,14,93.27424186224158,90,0.0,195
0,2,0,18,15,93.27424186224158,90,0.0,195
0,2,0,18,16,93.27424186224158,90,0.0,195
0,2,0,18,17,93.27424186224158,90,0.0,195
0,2,0,18,18,93.27424186224158,90,0.0,195
0,2,0,18,19,93.27424186224158,90,0.0,195
0,2,0,18,20,93.27424186224158,90,0.0,195
0,2,0,18,21,93.27424186224158,90,0.0,195
0,2,0,18,22,93.27424186224158,90,0.0,195
0,2,0,18,23,93.27424186224158,90,0.0,195
0,2,0,18,24,93.27424186224158,90,0.0,195
0,2,0,18,25,93.27424186224158,90,0.0,195
0,2,0,18,26,88.73011346396879,56,0.0,151
0,2,0,18,27,93.27424186224158,90,0.0,195
0,2,0,18,28,93.27424186224158,90,0.0,195
0,2,0,18,29,93.27424186224158,90,0.0,195
0,2,0,18,30,93.27424186224158,90,0.0,195
0,2,0,18,31,93.27424186224158,90,0.0,195
0,2,0,18,32,93.27424186224158,90,0.0,195
0,2,0,18,33,86.26235268152699,46,0.0,153
0,2,0,18,34,75.05324983364338,22,0.0,240
0,2,0,18,35,87.84855285332095,74,0.0,278
0,2,0,18,36,93.27424186224158,90,0.0,195
0,2,0,18,37,87.84855285332095,74,0.0,278
0,2,0,18,38,93.27424186224158,90,0.0,195
0,2,0,18,39,93.27424186224158,90,0.0,195
0,2,0,18,40,0.0,0,100.0,325
0,2,0,18,41,93.27424186224158,90,0.0,195
0,2,0,18,42,93.27424186224158,90,0.0,195
0,2,0,18,43,93.27424186224158,90,0.0,195
0,2,0,18,44,93.27424186224158,90,0.0,195
0,2,0,18,45,86.23024746085561,46,0.0,154
0,2,0,18,46,91.80373870718009,74,0.0,164
0,2,0,18,47,93.27424186224158,90,0.0,195
0,2,0,18,48,87.84855285332095,74,0.0,278
0,2,0,18,49,90.41173095515663,72,0.0,195
0,2,0,18,50,93.27424186224158,90,0.0,195
0,2,0,18,51,93.27424186224158,90,0.0,195
0,2,0,18,52,93.27424186224158,90,0.0,195
0,2,0,18,53,93.27424186224158,90,0.0,195
0,2,0,18,54,93.27424186224158,90,0.0,195
0,2,0,18,55,93.27424186224158,90,0.0,195
0,2,0,18,56,90.92524115476769,82,0.0,228
0,2,0,18,57,93.27424186224158,90,0.0,195
0,2,0,18,58,93.27424186224158,90,0.0,195
0,2,0,18,59,93.27424186224158,90,0.0,195
0,2,0,18,60,93.27424186224158,90,0.0,195
0,2,0,18,61,87.84855285332095,74,0.0,278
0,2,0,18,62,93.27424186224158,90,0.0,195
0,2,0,18,63,93.27424186224158,90,0.0,195
0,2,0,18,64,93.27424186224158,90,0.0,195
0,2,0,18,65,0.0,0,70.0,223
0,2,0,18,66,81.42318208309305,30,0.0,147
0,2,0,18,67,66.64010904984659,8,0.0,177
0,2,0,18,68,93.27424186224158,90,0.0,195
0,2,0,18,69,0.0,0,20.0,287
0,2,0,18,70,0.0,0,30.0,327
0,2,0,18,71,89.69096210426653,68,0.0,195
0,2,0,18,72,87.84855285332095,74,0.0,278
0,2,0,18,73,93.27424186224158,90,0.0,195
0,2,0,18,74,0.0,0,10.0,336
0,2,0,18,75,93.27424186224158,90,0.0,195
0,2,0,18,76,66.64010904984659,8,0.0,177
0,2,0,18,77,93.27424186224158,90,0.0,195
0,2,0,18,78,93.27424186224158,90,0.0,195
0,2,0,18,79,90.65574988195414,64,0.0,143
0,2,0,18,80,93.27424186224158,90,0.0,195
0,2,0,18,81,88.93199359418341,64,0.0,195
0,2,0,18,82,90.41173095515663,72,0.0,195
0,2,0,18,83,0.0,0,100.0,325
0,2,0,18,84,93.27424186224158,90,0.0,195
0,2,0,18,85,93.27424186224158,90,0.0,195
0,2,0,18,86,65.20155811946867,8,0.0,228
0,2,0,18,87,93.27424186224158,90,0.0,195
0,2,0,18,88,66.61216952904485,8,0.0,178
0,2,0,18,89,93.27424186224158,90,0.0,195
0,2,0,18,90,0.0,0,100.0,325
0,2,0,18,91,93.27424186224158,90,0.0,195
0,2,0,18,92,93.27424186224158,90,0.0,195
0,2,0,18,93,93.27424186224158,90,0.0,195
0,2,0,18,94,93.27424186224158,90,0.0,195
0,2,0,18,95,93.27424186224158,90,0.0,195
0,2,0,18,96,88.17498123694833,56,0.0,168
0,2,0,18,97,87.84855285332095,74,0.0,278
0,2,0,18,98,0.0,0,50.0,329
0,2,0,18,99,0.0,0,90.0,325
0,2,0,19,0,93.27424186224158,90,0.0,195
0,2,0,19,1,93.27424186224158,90,0.0,195
0,2,0,19,2,93.27424186224158,90,0.0,195
0,2,0,19,3,93.27424186224158,90,0.0,195
0,2,0,19,4,93.27424186224158,90,0.0,195
0,2,0,19,5,93.27424186224158,90,0.0,195
0,2,0,19,6,93.27424186224158,90,0.0,195
0,2,0,19,7,93.27424186224158,90,0.0,195
0,2,0,19,8,93.27424186224158,90,0.0,195
0,2,0,19,9,93.27424186224158,90,0.0,195
0,2,0,19,10,93.27424186224158,90,0.0,195
0,2,0,19,11,93.27424186224158,90,0.0,195
0,2,0,19,12,93.27424186224158,90,0.0,195
0,2,0,19,13,93.27424186224158,90,0.0,195
0,2,0,19,14,93.27424186224158,90,0.0,195
0,2,0,19,15,93.27424186224158,90,0.0,195
0,2,0,19,16,93.27424186224158,90,0.0,195
0,2,0,19,17,93.27424186224158,90,0.0,195
0,2,0,19,18,93.27424186224158,90,0.0,195
0,2,0,19,19,93.27424186224158,90,0.0,195
0,2,0,19,20,93.27424186224158,90,0.0,195
0,2,0,19,21,93.27424186224158,90,0.0,195
0,2,0,19,22,93.27424186224158,90,0.0,195
0,2,0,19,23,93.27424186224158,90,0.0,195
0,2,0,19,24,93.27424186224158,90,0.0,195
0,2,0,19,25,87.84855285332095,74,0.0,278
0,2,0,19,26,93.27424186224158,90,0.0,195
0,2,0,19,27,93.27424186224158,90,0.0,195
0,2,0,19,28,93.27424186224158,90,0.0,195
0,2,0,19,29,93.27424186224158,90,0.0,195
0,2,0,19,30,93.27424186224158,90,0.0,195
0,2,0,19,31,93.27424186224158,90,0.0,195
0,2,0,19,32,93.27424186224158,90,0.0,195
0,2,0,19,33,93.27424186224158,90,0.0,195
0,2,0,19,34,93.27424186224158,90,0.0,195
0,2,0,19,35,93.27424186224158,90,0.0,195
0,2,0,19,36,80.3351268751988,46,0.0,328
0,2,0,19,37,76.89781954377793,22,0.0,181
0,2,0,19,38,93.27424186224158,90,0.0,195
0,2,0,19,39,87.84855285332095,74,0.0,278
0,2,0,19,40,87.84855285332095,74,0.0,278
0,2,0,19,41,93.27424186224158,90,0.0,195
0,2,0,19,42,93.27424186224158,90,0.0,195
0,2,0,19,43,87.84855285332095,74,0.0,278
0,2,0,19,44,0.0,0,100.0,325
0,2,0,19,45,0.0,0,100.0,325
0,2,0,19,46,87.84855285332095,74,0.0,278
0,2,0,19,47,93.27424186224158,90,0.0,195
0,2,0,19,48,87.84855285332095,74,0.0,278
0,2,0,19,49,93.27424186224158,90,0.0,195
0,2,0,19,50,93.27424186224158,90,0.0,195
0,2,0,19,51,83.1533055284738,38,0.0,179
0,2,0,19,52,90.75902659417574,74,0.0,195
0,2,0,19,53,91.29583085864525,70,0.0,158
0,2,0,19,54,67.80621969564362,10,0.0,212
0,2,0,19,55,87.84855285332095,74,0.0,278
0,2,0,19,56,87.84855285332095,74,0.0,278
0,2,0,19,57,89.69096210426653,68,0.0,195
0,2,0,19,58,93.27424186224158,90,0.0,195
0,2,0,19,59,93.27424186224158,90,0.0,195
0,2,0,19,60,0.0,0,100.0,327
0,2,0,19,61,0.0,0,100.0,319
0,2,0,19,62,66.64010904984659,8,0.0,177
0,2,0,19,63,93.27424186224158,90,0.0,195
0,2,0,19,64,93.27424186224158,90,0.0,195
0,2,0,19,65,93.27424186224158,90,0.0,195
0,2,0,19,66,93.27424186224158,90,0.0,195
0,2,0,19,67,93.27424186224158,90,0.0,195
0,2,0,19,68,93.27424186224158,90,0.0,195
0,2,0,19,69,93.27424186224158,90,0.0,195
0,2,0,19,70,93.27424186224158,90,0.0,195
0,2,0,19,71,87.84855285332095,74,0.0,278
0,2,0,19,72,91.04360328432492,66,0.0,143
0,2,0,19,73,71.67986479803766,14,0.0,195
0,2,0,19,74,0.0,0,80.0,322
0,2,0,19,75,88.56478499191009,74,0.0,258
0,2,0,19,76,87.84855285332095,74,0.0,278
0,2,0,19,77,93.27424186224158,90,0.0,195
0,2,0,19,78,93.27424186224158,90,0.0,195
0,2,0,19,79,93.27424186224158,90,0.0,195
0,2,0,19,80,93.27424186224158,90,0.0,195
0,2,0,19,81,79.6396782724803,28,0.0,179
0,2,0,19,82,87.84855285332095,74,0.0,278
0,2,0,19,83,93.27424186224158,90,0.0,195
0,2,0,19,84,0.0,0,10.0,376
0,2,0,19,85,93.27424186224158,90,0.0,195
0,2,0,19,86,0.0,0,60.0,197
0,2,0,19,87,87.48693694970926,74,0.0,288
0,2,0,19,88,80.86209712999393,30,0.0,165
0,2,0,19,89,0.0,0,20.0,469
0,2,0,19,90,93.27424186224158,90,0.0,195
0,2,0,19,91,93.27424186224158,90,0.0,195
0,2,0,19,92,93.27424186224158,90,0.0,195
0,2,0,19,93,0.0,0,10.0,329
0,2,0,19,94,93.27424186224158,90,0.0,195
0,2,0,19,95,89.13873488584949,82,0.0,278
0,2,0,19,96,93.27424186224158,90,0.0,195
0,2,0,19,97,89.69096210426653,68,0.0,195
0,2,0,19,98,93.27424186224158,90,0.0,195
0,2,0,19,99,68.29714537199311,10,0.0,195
0,2,0,20,0,93.27424186224158,90,0.0,195
0,2,0,20,1,93.27424186224158,90,0.0,195
0,2,0,20,2,93.27424186224158,90,0.0,195
0,2,0,20,3,93.27424186224158,90,0.0,195
0,2,0,20,4,93.27424186224158,90,0.0,195
0,2,0,20,5,93.27424186224158,90,0.0,195
0,2,0,20,6,93.27424186224158,90,0.0,195
0,2,0,20,7,93.27424186224158,90,0.0,195
0,2,0,20,8,93.27424186224158,90,0.0,195
0,2,0,20,9,93.27424186224158,90,0.0,195
0,2,0,20,10,93.27424186224158,90,0.0,195
0,2,0,20,11,93.27424186224158,90,0.0,195
0,2,0,20,12,93.27424186224158,90,0.0,195
0,2,0,20,13,93.27424186224158,90,0.0,195
0,2,0,20,14,93.27424186224158,90,0.0,195
0,2,0,20,15,93.27424186224158,90,0.0,195
0,2,0,20,16,93.27424186224158,90,0.0,195
0,2,0,20,17,93.27424186224158,90,0.0,195
0,2,0,20,18,93.27424186224158,90,0.0,195
0,2,0,20,19,93.27424186224158,90,0.0,195
0,2,0,20,20,93.27424186224158,90,0.0,195
0,2,0,20,21,93.27424186224158,90,0.0,195
0,2,0,20,22,93.27424186224158,90,0.0,195
0,2,0,20,23,93.27424186224158,90,0.0,195
0,2,0,20,24,93.27424186224158,90,0.0,195
0,2,0,20,25,93.27424186224158,90,0.0,195
0,2,0,20,26,93.27424186224158,90,0.0,195
0,2,0,20,27,93.27424186224158,90,0.0,195
0,2,0,20,28,93.27424186224158,90,0.0,195
0,2,0,20,29,93.27424186224158,90,0.0,195
0,2,0,20,30,93.27424186224158,90,0.0,195
0,2,0,20,31,93.27424186224158,90,0.0,195
0,2,0,20,32,93.27424186224158,90,0.0,195
0,2,0,20,33,93.27424186224158,90,0.0,195
0,2,0,20,34,93.27424186224158,90,0.0,195
0,2,0,20,35,0.0,0,60.0,289
0,2,0,20,36,93.27424186224158,90,0.0,195
0,2,0,20,37,87.84855285332095,74,0.0,278
0,2,0,20,38,93.27424186224158,90,0.0,195
0,2,0,20,39,93.27424186224158,90,0.0,195
0,2,0,20,40,93.27424186224158,90,0.0,195
0,2,0,20,41,93.27424186224158,90,0.0,195
0,2,0,20,42,87.84855285332095,74,0.0,278
0,2,0,20,43,88.14492669273072,78,0.0,288
0,2,0,20,44,0.0,0,10.0,275
0,2,0,20,45,93.27424186224158,90,0.0,195
0,2,0,20,46,0.0,0,50.0,224
0,2,0,20,47,66.64010904984659,8,0.0,177
0,2,0,20,48,93.27424186224158,90,0.0,195
0,2,0,20,49,93.27424186224158,90,0.0,195
0,2,0,20,50,87.84855285332095,74,0.0,278
0,2,0,20,51,93.27424186224158,90,0.0,195
0,2,0,20,52,0.0,0,90.0,325
0,2,0,20,53,87.84855285332095,74,0.0,278
0,2,0,20,54,93.27424186224158,90,0.0,195
0,2,0,20,55,93.27424186224158,90,0.0,195
0,2,0,20,56,87.84855285332095,74,0.0,278
0,2,0,20,57,86.84362811710182,56,0.0,208
0,2,0,20,58,93.27424186224158,90,0.0,195
0,2,0,20,59,87.84855285332095,74,0.0,278
0,2,0,20,60,93.27424186224158,90,0.0,195
0,2,0,20,61,93.27424186224158,90,0.0,195
0,2,0,20,62,93.27424186224158,90,0.0,195
0,2,0,20,63,0.0,0,20.0,261
0,2,0,20,64,88.7835117379853,70,0.0,232
0,2,0,20,65,0.0,0,60.0,210
0,2,0,20,66,93.27424186224158,90,0.0,195
0,2,0,20,67,87.84855285332095,74,0.0,278
0,2,0,20,68,87.84855285332095,74,0.0,278
0,2,0,20,69,89.69096210426653,68,0.0,195
0,2,0,20,70,93.27424186224158,90,0.0,195
0,2,0,20,71,93.27424186224158,90,0.0,195
0,2,0,20,72,81.45418315685009,30,0.0,146
0,2,0,20,73,84.17294369115328,38,0.0,147
0,2,0,20,74,92.5102523180308,76,0.0,153
0,2,0,20,75,87.84855285332095,74,0.0,278
0,2,0,20,76,93.27424186224158,90,0.0,195
0,2,0,20,77,93.27424186224158,90,0.0,195
0,2,0,20,78,93.27424186224158,90,0.0,195
0,2,0,20,79,87.84855285332095,74,0.0,278
0,2,0,20,80,80.26428922641045,28,0.0,159
0,2,0,20,81,89.69096210426653,68,0.0,195
0,2,0,20,82,90.49523787033309,70,0.0,182
0,2,0,20,83,93.27424186224158,90,0.0,195
0,2,0,20,84,93.27424186224158,90,0.0,195
0,2,0,20,85,93.27424186224158,90,0.0,195
0,2,0,20,86,93.27424186224158,90,0.0,195
0,2,0,20,87,0.0,0,100.0,325
0,2,0,20,88,0.0,0,70.0,322
0,2,0,20,89,93.27424186224158,90,0.0,195
0,2,0,20,90,0.0,0,20.0,190
0,2,0,20,91,93.27424186224158,90,0.0,195
0,2,0,20,92,93.27424186224158,90,0.0,195
0,2,0,20,93,88.14492669273072,78,0.0,288
0,2,0,20,94,93.27424186224158,90,0.0,195
0,2,0,20,95,81.45418315685009,30,0.0,146
0,2,0,20,96,93.27424186224158,90,0.0,195
0,2,0,20,97,93.27424186224158,90,0.0,195
0,2,0,20,98,78.10249627308448,30,0.0,251
0,2,0,20,99,93.27424186224158,90,0.0,195
